"regression of strut rate vs. distance to hens, time from sunrise",,,,,,,,,,,,,,,,,
"year = all, males of unknown malarial status not included",,,,,,,,,,,,,,,,,
breeder vs. non-breeder,,,,,,,,,,,,,,,,,
,,,,,,,,,,,,,,,,,
,,,,,,,,,,,,,,,,,
,STRUTS,TIME FROM,DIST. TO,,,predicted,,,struts,,resids,,,,,,
MALARIA,/5 MIN,SUNRISE,HENS,YEAR,BREED,struts,resids,,squared,struts,squared,resids,,,,,
---------,---------,---------,---------,---------,---------,---------,---------,,---------,---------,---------,---------,,,Regression Output:,,
1,17,-0.006,1,90,0,20.34495438,-3.3450244,,289,17,11.18918824,-3.3450244,,Constant,,,23.461726
3,29,0.022,2,90,0,14.65377936,14.346111,,841,29,205.8109008,14.346111,,Std Err of Y Est,,,12.457323
3,27,0.005,3,90,0,12.32512438,14.674726,,729,27,215.3475832,14.674726,,R Squared,,,0.132574
1,0,-0.003,3,90,0,12.95559687,-12.955747,,0,0,167.8513803,-12.955747,,No. of Observations,,,1078
3,9,-0.008,3,90,0,13.3233725,-4.3235225,,81,9,18.69284681,-4.3235225,,Degrees of Freedom,,,1075
3,23,0.049,1,90,0,16.14180434,6.8581256,,529,23,47.03388675,6.8581256,,,,,
3,35,0.049,1,90,0,16.14180434,18.858126,,1225,35,355.6289162,18.858126,,X Coefficient(s),,-75.656732,-3.5895627
0,27,0.010,3,89,0,11.90480935,15.095041,,729,27,227.8602628,15.095041,,Std Err of Coef.,,20.703032,0.32048399
1,20,0.028,3,90,0,10.59132498,9.408525,,400,20,88.52034268,9.408525,,,,,
0,28,0.003,3,90,0,12.43020313,15.569647,,784,28,242.4139077,15.569647,,,,,
0,4,0.049,0,90,0,19.73140434,-15.731434,,16,4,247.4780157,-15.731434,,,,,
1,0,-0.008,3,90,0,13.27083313,-13.270983,,0,0,176.1189898,-13.270983,,,,,
0,0,0.020,0,90,0,21.93805812,-21.938088,,0,0,481.2797051,-21.938088,,,,,
0,2,0.001,3,89,0,12.64036063,-10.640511,,4,2,113.2204743,-10.640511,,,,,
0,10,0.017,3,89,0,11.43195497,-1.432105,,100,10,2.050924731,-1.432105,,,,,
0,24,0.009,1,89,0,19.18908812,4.8108419,,576,24,23.14419979,4.8108419,,,,,
0,11,0.045,3,89,0,9.277840617,1.7220094,,121,11,2.965316374,1.7220094,,,,,
0,23,0.034,3,89,0,10.11847061,12.881379,,529,23,165.9299249,12.881379,,,,,
1,0,0.001,3,90,0,12.58782125,-12.587971,,0,0,158.4570139,-12.587971,,,,,
0,2,0.023,0,89,0,21.7279006,-19.727931,,4,2,389.1912615,-19.727931,,,,,
3,37,-0.019,1,89,0,21.29066313,15.709267,,1369,37,246.7810697,15.709267,,,,,
0,16,0.046,1,89,0,16.40450128,-0.40457125,,256,16,0.163677896,-0.40457125,,,,,
0,13,0.034,3,89,0,10.11847061,2.8813794,,169,13,8.302347247,2.8813794,,,,,
0,38,0.037,1,89,0,17.08751309,20.912417,,1444,38,437.3291848,20.912417,,,,,
0,3,0.028,0,90,0,21.36012498,-18.360155,,9,3,337.0952916,-18.360155,,,,,
3,30,0.023,1,89,0,18.1383006,11.861629,,900,30,140.6982425,11.861629,,,,,
1,29,0.026,3,90,0,10.69640374,18.303446,,841,29,335.0161355,18.303446,,,,,
1,3,0.032,3,90,0,10.27608878,-7.2762388,,9,3,52.94365107,-7.2762388,,,,,
1,8,0.049,3,90,0,8.962604341,-0.96275438,,64,8,0.926895996,-0.96275438,,,,,
1,3,0.001,3,90,0,12.58782125,-9.5879713,,9,3,91.92919365,-9.5879713,,,,,
0,9,0.025,3,90,0,10.8014825,-1.8016325,,81,9,3.245879665,-1.8016325,,,,,
1,21,0.024,3,90,0,10.85402184,10.145828,,441,21,102.9378258,10.145828,,,,,
1,37,0.013,1,90,0,18.92639125,18.073539,,1369,37,326.652812,18.073539,,,,,
1,20,0.024,2,90,0,14.44362184,5.5562681,,400,20,30.8721152,5.5562681,,,,,
1,40,0.019,1,90,0,18.40099753,21.598933,,1600,40,466.5139067,21.598933,,,,,
1,0,0.015,0,90,0,22.30583373,-22.305864,,0,0,497.5515688,-22.305864,,,,,
1,36,0.017,1,90,0,18.55861563,17.441314,,1296,36,304.199434,17.441314,,,,,
1,2,0.013,3,90,0,11.69465191,-9.6948019,,4,2,93.98918388,-9.6948019,,,,,
0,36,0.009,1,89,0,19.18908812,16.810842,,1296,36,282.6044087,16.810842,,,,,
0,30,-0.001,2,90,0,16.38757875,13.612311,,900,30,185.2950108,13.612311,,,,,
3,20,-0.010,3,90,0,13.42845125,6.5713988,,400,20,43.18328219,6.5713988,,,,,
1,0,0.019,0,90,0,21.99059753,-21.990627,,0,0,483.5876759,-21.990627,,,,,
3,29,0.006,1,90,0,19.39924563,9.6006844,,841,29,92.17314095,9.6006844,,,,,
0,9,-0.003,2,90,0,16.4926575,-7.4927675,,81,9,56.14156481,-7.4927675,,,,,
0,0,-0.001,3,90,0,12.74543937,-12.745589,,0,0,162.450039,-12.745589,,,,,
3,34,0.013,1,90,0,18.92639125,15.073539,,1156,34,227.211578,15.073539,,,,,
1,0,0.006,3,90,0,12.22004563,-12.220196,,0,0,149.3331903,-12.220196,,,,,
0,27,0.014,1,87,0,18.82131249,8.1786175,,729,27,66.88978421,8.1786175,,,,,
1,40,0.023,1,90,0,18.1383006,21.861629,,1600,40,477.9308225,21.861629,,,,,
1,1,0.043,3,90,0,9.435458716,-8.4356088,,1,1,71.15949583,-8.4356088,,,,,
0,25,0.017,1,89,0,18.61115497,6.388775,,625,25,40.816446,6.388775,,,,,
1,29,0.005,2,90,0,15.91472438,13.085166,,841,29,171.2215692,13.085166,,,,,
3,15,0.028,2,89,0,14.12838564,0.87150437,,225,15,0.759519867,0.87150437,,,,,
0,18,0.038,1,89,0,16.98243441,1.0174956,,324,18,1.035297296,1.0174956,,,,,
0,28,0.002,1,89,0,19.71448188,8.2854481,,784,28,68.64865022,8.2854481,,,,,
0,4,0.001,0,89,0,23.40916063,-19.409191,,16,4,376.7166953,-19.409191,,,,,
3,29,0.033,1,89,0,17.40274937,11.597181,,841,29,134.4946071,11.597181,,,,,
3,32,-0.022,1,89,0,21.50082064,10.499109,,1024,32,110.2312898,10.499109,,,,,
0,8,0.022,3,89,0,11.06417936,-3.0643294,,64,8,9.390114672,-3.0643294,,,,,
0,0,0.010,3,89,0,11.95734875,-11.957499,,0,0,142.9817823,-11.957499,,,,,
0,18,0.000,1,89,0,19.8721,-1.87217,,324,18,3.505020509,-1.87217,,,,,
0,27,0.015,0,89,0,22.30583373,4.6941362,,729,27,22.03491466,4.6941362,,,,,
0,13,0.016,3,89,0,11.48449439,1.5153556,,169,13,2.296302594,1.5153556,,,,,
0,5,0.022,0,89,0,21.78044002,-16.78047,,25,5,281.5841734,-16.78047,,,,,
0,3,0.017,3,89,0,11.43195497,-8.432105,,9,3,71.10039473,-8.432105,,,,,
0,20,0.026,2,89,0,14.28600374,5.7138862,,400,20,32.64849551,5.7138862,,,,,
0,32,0.003,1,89,0,19.6619425,12.337988,,1024,32,152.2259479,12.337988,,,,,
0,0,-0.015,3,89,0,13.79622685,-13.796377,,0,0,190.3400183,-13.796377,,,,,
0,22,0.003,2,89,0,16.0723425,5.9275475,,484,22,35.13581936,5.9275475,,,,,
0,3,0.035,3,89,0,10.01339185,-7.0135419,,9,3,49.18976998,-7.0135419,,,,,
0,30,0.001,3,89,0,12.64036063,17.359489,,900,30,301.3518583,17.359489,,,,,
0,1,0.019,3,89,0,11.22179753,-10.221948,,1,1,104.4882209,-10.221948,,,,,
0,0,-0.006,3,89,0,13.16575438,-13.165904,,0,0,173.3410281,-13.165904,,,,,
0,4,0.032,3,89,0,10.27608878,-6.2762388,,16,4,39.39117347,-6.2762388,,,,,
0,17,0.031,3,89,0,10.38116747,6.6186825,,289,17,43.80695804,6.6186825,,,,,
0,0,0.020,0,89,0,21.93805812,-21.938088,,0,0,481.2797051,-21.938088,,,,,
0,14,0.003,3,89,0,12.4827425,1.5171075,,196,14,2.301615167,1.5171075,,,,,
1,8,0.012,0,90,0,22.56853059,-14.568561,,64,8,212.2429696,-14.568561,,,,,
0,5,0.010,2,89,0,15.49440935,-10.494519,,25,5,110.134929,-10.494519,,,,,
0,11,0.040,3,89,0,9.69815565,1.3016944,,121,11,1.694408311,1.3016944,,,,,
3,32,0.034,1,89,0,17.29767061,14.702259,,1024,32,216.1564197,14.702259,,,,,
0,2,-0.001,2,89,0,16.38757875,-14.387689,,4,2,207.0055948,-14.387689,,,,,
3,10,-0.003,3,89,0,12.95559687,-2.9557469,,100,10,8.736439737,-2.9557469,,,,,
0,26,0.031,1,89,0,17.50782813,8.4921019,,676,26,72.11579468,8.4921019,,,,,
1,16,0.042,2,89,0,13.07759813,2.9222919,,256,16,8.539789949,2.9222919,,,,,
0,12,0.042,3,89,0,9.487998133,2.5118519,,144,12,6.309399968,2.5118519,,,,,
1,29,0.042,1,89,0,16.66719813,12.332732,,841,29,152.0962786,12.332732,,,,,
0,8,0.012,3,89,0,11.79973059,-3.7998806,,64,8,14.43909257,-3.7998806,,,,,
1,7,0.028,0,89,0,21.36012498,-14.360155,,49,7,206.2140516,-14.360155,,,,,
0,10,0.016,3,89,0,11.48449439,-1.4846444,,100,10,2.204168994,-1.4846444,,,,,
3,0,0.031,3,89,0,10.32862813,-10.328778,,0,0,106.683655,-10.328778,,,,,
3,25,0.047,3,89,0,9.172761858,15.827088,,625,25,250.4967146,15.827088,,,,,
0,10,-0.004,0,89,0,23.77693625,-13.776966,,100,10,189.8047922,-13.776966,,,,,
3,21,0.026,1,89,0,17.87560374,3.1243263,,441,21,9.761414829,3.1243263,,,,,
0,0,0.010,3,89,0,11.95734875,-11.957499,,0,0,142.9817823,-11.957499,,,,,
1,10,0.021,0,89,0,21.88551878,-11.885549,,100,10,141.266275,-11.885549,,,,,
0,11,0.015,3,89,0,11.58957315,-0.58972313,,121,11,0.34777337,-0.58972313,,,,,
0,12,0.015,3,89,0,11.58957315,0.41027687,,144,12,0.16832711,0.41027687,,,,,
0,22,0.049,3,89,0,9.015143758,12.984706,,484,22,168.6025899,12.984706,,,,,
0,8,-0.001,2,89,0,16.33503937,-8.3351494,,64,8,69.47471552,-8.3351494,,,,,
0,9,0.040,0,89,0,20.46695565,-11.466986,,81,9,131.4917679,-11.466986,,,,,
3,37,0.019,1,89,0,18.45353688,18.546393,,1369,37,343.9686933,18.546393,,,,,
1,0,0.003,3,90,0,12.43020313,-12.430353,,0,0,154.5136757,-12.430353,,,,,
0,15,0.003,2,89,0,16.0723425,-1.0724525,,225,15,1.150154365,-1.0724525,,,,,
3,33,0.006,1,90,0,19.451785,13.548145,,1089,33,183.5522329,13.548145,,,,,
3,10,-0.001,2,90,0,16.38757875,-6.3876887,,100,10,40.80256693,-6.3876887,,,,,
3,0,0.060,3,90,0,8.174513767,-8.1746638,,0,0,66.82512824,-8.1746638,,,,,
1,29,0.055,2,90,0,12.13188938,16.868001,,841,29,284.5294577,16.868001,,,,,
0,21,0.012,1,90,0,18.97893059,2.0209994,,441,21,4.084438575,2.0209994,,,,,
3,12,0.024,3,90,0,10.85402184,1.1458281,,144,12,1.312922035,1.1458281,,,,,
0,30,0.065,1,90,0,14.93339873,15.066531,,900,30,227.0003564,15.066531,,,,,
3,39,0.018,1,90,0,18.50607622,20.493854,,1521,39,419.9980518,20.493854,,,,,
3,11,0.011,3,90,0,11.85227001,-0.85242,,121,11,0.726619856,-0.85242,,,,,
3,20,0.013,2,90,0,15.33679125,4.6630987,,400,20,21.74448949,4.6630987,,,,,
0,0,0.019,3,90,0,11.27433688,-11.274487,,0,0,127.1140571,-11.274487,,,,,
3,33,0.047,1,90,0,16.35196186,16.647968,,1089,33,277.1548385,16.647968,,,,,
0,25,-0.002,1,88,0,20.02971812,4.9702119,,625,25,24.70300633,4.9702119,,,,,
3,13,0.006,0,90,0,22.98884563,-9.9888756,,169,13,99.77763575,-9.9888756,,,,,
3,5,0.049,3,90,0,8.962604341,-3.9627544,,25,5,15.70342243,-3.9627544,,,,,
0,0,0.006,2,90,0,15.862185,-15.862295,,0,0,251.6124027,-15.862295,,,,,
3,3,0.025,3,90,0,10.8014825,-7.8016325,,9,3,60.86546967,-7.8016325,,,,,
3,16,0.002,2,90,0,16.12488188,-0.12499188,,256,16,0.01562297,-0.12499188,,,,,
0,3,-0.013,0,88,0,24.40740875,-21.407439,,9,3,458.2784445,-21.407439,,,,,
3,21,0.020,1,90,0,18.34845812,2.6514719,,441,21,7.030303236,2.6514719,,,,,
3,30,0.013,3,90,0,11.74719125,18.252659,,900,30,333.1595606,18.252659,,,,,
3,5,0.045,3,90,0,9.277840617,-4.2779906,,25,5,18.30120357,-4.2779906,,,,,
3,0,0.019,3,90,0,11.27433688,-11.274487,,0,0,127.1140571,-11.274487,,,,,
3,39,0.031,1,90,0,17.56036747,21.439563,,1521,39,459.6548616,21.439563,,,,,
3,16,0.002,2,90,0,16.12488188,-0.12499188,,256,16,0.01562297,-0.12499188,,,,,
3,29,0.002,2,90,0,16.12488188,12.875008,,841,29,165.765831,12.875008,,,,,
1,37,0.003,1,88,0,19.60940313,17.390527,,1369,37,302.4304293,17.390527,,,,,
1,0,0.013,0,88,0,22.46345191,-22.463482,,0,0,504.6080236,-22.463482,,,,,
0,16,-0.011,0,88,0,24.30232999,-8.30236,,256,16,68.92918157,-8.30236,,,,,
0,7,-0.008,0,88,0,24.0921725,-17.092202,,49,7,292.1433692,-17.092202,,,,,
0,17,0.019,2,88,0,14.81139753,2.1884925,,289,17,4.789499423,2.1884925,,,,,
0,39,0.012,1,88,0,18.97893059,20.020999,,1521,39,400.840401,20.020999,,,,,
1,4,0.023,2,88,0,14.5487006,-10.548811,,16,4,111.2774135,-10.548811,,,,,
1,34,0.028,3,88,0,10.59132498,23.408525,,1156,34,547.9590427,23.408525,,,,,
1,22,0.017,0,88,0,22.14821563,-0.14824562,,484,22,0.021976764,-0.14824562,,,,,
1,5,0.013,2,88,0,15.33679125,-10.336901,,25,5,106.8515223,-10.336901,,,,,
0,0,0.030,3,88,0,10.43370688,-10.433857,,0,0,108.8653719,-10.433857,,,,,
0,0,0.034,2,88,0,13.70807061,-13.708181,,0,0,187.9142263,-13.708181,,,,,
0,0,0.025,3,90,0,10.8014825,-10.801633,,0,0,116.6752755,-10.801633,,,,,
1,7,-0.015,0,88,0,24.61756627,-17.617596,,49,7,310.3796888,-17.617596,,,,,
1,14,0.008,0,88,0,22.8312275,-8.8312575,,196,14,77.99110903,-8.8312575,,,,,
0,17,-0.003,1,88,0,20.13479687,-3.1348669,,289,17,9.827390481,-3.1348669,,,,,
0,0,0.034,3,88,0,10.11847061,-10.118621,,0,0,102.3864909,-10.118621,,,,,
0,27,-0.006,1,88,0,20.292415,6.707515,,729,27,44.99075748,6.707515,,,,,
1,27,-0.014,2,88,0,17.33328751,9.6666025,,729,27,93.44320389,9.6666025,,,,,
1,26,0.004,1,88,0,19.55686375,6.4430663,,676,26,41.51310335,6.4430663,,,,,
1,1,0.002,0,88,0,23.30408188,-22.304112,,1,1,497.4734121,-22.304112,,,,,
1,38,-0.004,1,88,0,20.18733625,17.812594,,1444,38,317.288505,17.812594,,,,,
0,3,-0.005,0,88,0,23.82947562,-20.829506,,9,3,433.8683202,-20.829506,,,,,
0,22,-0.006,1,88,0,20.292415,1.707515,,484,22,2.915607475,1.707515,,,,,
3,0,0.044,3,90,0,9.382919375,-9.3830694,,0,0,88.04199137,-9.3830694,,,,,
0,0,0.015,3,89,0,11.58957315,-11.589723,,0,0,134.3216792,-11.589723,,,,,
3,22,0.024,2,90,0,14.44362184,7.5562681,,484,22,57.0971876,7.5562681,,,,,
0,2,0.024,3,90,0,10.90656126,-8.9067113,,4,2,79.32950618,-8.9067113,,,,,
0,0,0.019,0,90,0,22.04313688,-22.043167,,0,0,485.9012114,-22.043167,,,,,
0,23,0.049,2,90,0,12.60474376,10.395146,,529,23,108.0590604,10.395146,,,,,
3,13,-0.004,3,90,0,13.00813625,-0.00828625,,169,13,6.86619E-05,-0.00828625,,,,,
1,12,0.019,3,90,0,11.22179753,0.7780525,,144,12,0.605365693,0.7780525,,,,,
3,0,0.017,3,90,0,11.37941563,-11.379566,,0,0,129.4945223,-11.379566,,,,,
1,0,0.053,3,90,0,8.699907483,-8.7000575,,0,0,75.6910005,-8.7000575,,,,,
1,24,0.033,3,90,0,10.22354937,13.776301,,576,24,189.7864692,13.776301,,,,,
3,8,0.029,2,90,0,14.07584622,-6.0759562,,64,8,36.91724374,-6.0759562,,,,,
1,0,0.051,3,90,0,8.857525659,-8.8576756,,0,0,78.45841703,-8.8576756,,,,,
3,15,0.056,3,90,0,8.489749966,6.5101,,225,15,42.38140201,6.5101,,,,,
0,6,0.043,0,90,0,20.20425872,-14.204289,,36,6,201.761826,-14.204289,,,,,
3,6,0.003,3,90,0,12.43020313,-6.4303531,,36,6,41.34944099,-6.4303531,,,,,
1,2,-0.012,3,90,0,13.58606941,-11.586219,,4,2,134.2404707,-11.586219,,,,,
3,29,0.020,1,90,0,18.34845812,10.651472,,841,29,113.4538558,10.651472,,,,,
3,31,0.022,1,90,0,18.19084002,12.80909,,961,31,164.0727866,12.80909,,,,,
3,25,0.031,2,90,0,13.91822813,11.081662,,625,25,122.8032327,11.081662,,,,,
0,5,0.010,3,90,0,11.95734875,-6.9574988,,25,5,48.40678955,-6.9574988,,,,,
0,4,0.037,2,90,0,13.49791309,-9.4980231,,16,4,90.21244281,-9.4980231,,,,,
0,3,0.030,3,90,0,10.43370688,-7.4338569,,9,3,55.26222841,-7.4338569,,,,,
1,26,-0.001,2,90,0,16.38757875,9.6123112,,676,26,92.39652661,9.6123112,,,,,
0,6,-0.005,3,90,0,13.06067562,-7.0608256,,36,6,49.85525815,-7.0608256,,,,,
1,26,0.019,3,90,0,11.22179753,14.778052,,676,26,218.3908209,14.778052,,,,,
1,18,0.061,0,90,0,18.83823501,-0.838265,,324,18,0.70268821,-0.838265,,,,,
3,0,0.033,0,90,0,20.93981003,-20.93984,,0,0,438.4768992,-20.93984,,,,,
3,12,-0.003,3,90,0,12.9030575,-0.9032075,,144,12,0.815783788,-0.9032075,,,,,
1,11,0.025,3,90,0,10.8014825,0.1983675,,121,11,0.039349665,0.1983675,,,,,
3,14,0.053,3,90,0,8.647368142,5.3524819,,196,14,28.64906249,5.3524819,,,,,
0,35,0.042,3,90,0,9.540537475,25.459312,,1225,35,648.1765675,25.459312,,,,,
3,0,0.044,2,90,0,12.97251938,-12.972629,,0,0,168.2891032,-12.972629,,,,,
3,20,0.006,3,90,0,12.22004563,7.7798044,,400,20,60.5253565,7.7798044,,,,,
0,0,0.007,2,90,0,15.75710625,-15.757216,,0,0,248.2898561,-15.757216,,,,,
3,2,0.006,0,90,0,22.98884563,-20.988876,,4,2,440.5329157,-20.988876,,,,,
3,6,0.030,0,90,0,21.20250688,-15.202537,,36,6,231.1171312,-15.202537,,,,,
3,13,0.057,3,90,0,8.384671284,4.6151788,,169,13,21.29987536,4.6151788,,,,,
0,22,0.009,2,90,0,15.59948812,6.4004019,,484,22,40.96514448,6.4004019,,,,,
0,9,0.035,1,90,0,17.24513127,-8.2452012,,81,9,67.98334283,-8.2452012,,,,,
3,26,0.039,1,90,0,16.92989499,9.070035,,676,26,82.2655349,9.070035,,,,,
3,21,0.003,1,90,0,19.6619425,1.3379875,,441,21,1.79021055,1.3379875,,,,,
3,0,0.022,3,90,0,11.06417936,-11.064329,,0,0,122.4193762,-11.064329,,,,,
0,0,0.007,3,90,0,12.16750625,-12.167656,,0,0,148.0518525,-12.167656,,,,,
3,6,-0.005,3,90,0,13.06067562,-7.0608256,,36,6,49.85525815,-7.0608256,,,,,
3,22,0.022,3,90,0,11.06417936,10.935671,,484,22,119.5889002,10.935671,,,,,
3,5,-0.016,3,90,0,13.90130561,-8.9014556,,25,5,79.2359118,-8.9014556,,,,,
3,13,0.019,3,90,0,11.22179753,1.7780525,,169,13,3.161470693,1.7780525,,,,,
3,36,-0.001,2,90,0,16.38757875,19.612311,,1296,36,384.6427428,19.612311,,,,,
3,0,0.003,3,90,0,12.43020313,-12.430353,,0,0,154.5136757,-12.430353,,,,,
3,6,0.048,3,90,0,9.0676831,-3.0678331,,36,6,9.411599929,-3.0678331,,,,,
3,39,-0.001,1,90,0,19.97717875,19.022751,,1521,39,361.8650556,19.022751,,,,,
0,0,0.019,3,89,0,11.22179753,-11.221948,,0,0,125.9321169,-11.221948,,,,,
0,27,-0.008,2,88,0,16.9129725,10.086918,,729,27,101.7459147,10.086918,,,,,
1,39,-0.003,2,89,0,16.54519687,22.454693,,1521,39,504.2132377,22.454693,,,,,
3,29,0.013,1,89,0,18.87385191,10.126078,,841,29,102.5374557,10.126078,,,,,
3,15,0.027,0,89,0,21.4126644,-6.4126944,,225,15,41.12264947,-6.4126944,,,,,
3,1,0.034,3,89,0,10.11847061,-9.1186206,,1,1,83.14924165,-9.1186206,,,,,
3,6,0.031,0,89,0,21.09742813,-15.097458,,36,6,227.9332381,-15.097458,,,,,
3,2,0.031,3,90,0,10.38116747,-8.3813175,,4,2,70.24648304,-8.3813175,,,,,
1,24,0.013,2,89,0,15.28425191,8.7156381,,576,24,75.96234749,8.7156381,,,,,
1,14,0.006,1,90,0,19.39924563,-5.3993156,,196,14,29.15260895,-5.3993156,,,,,
1,34,0.012,2,89,0,15.38933059,18.610559,,1156,34,346.3529063,18.610559,,,,,
3,25,0.027,2,89,0,14.2334644,10.766426,,625,25,115.9159288,10.766426,,,,,
0,8,0.015,3,89,0,11.58957315,-3.5897231,,64,8,12.88611193,-3.5897231,,,,,
3,2,0.015,3,89,0,11.58957315,-9.5897231,,4,2,91.96278913,-9.5897231,,,,,
3,11,0.035,3,89,0,10.01339185,0.98645812,,121,11,0.973099623,0.98645812,,,,,
0,12,0.015,3,90,0,11.58957315,0.41027687,,144,12,0.16832711,0.41027687,,,,,
3,0,-0.001,3,90,0,12.74543937,-12.745589,,0,0,162.450039,-12.745589,,,,,
0,34,-0.011,1,90,0,20.71272999,13.2872,,1156,34,176.5496838,13.2872,,,,,
0,4,0.053,3,90,0,8.699907483,-4.7000575,,16,4,22.0905405,-4.7000575,,,,,
1,27,0.006,2,90,0,15.862185,11.137705,,729,27,124.0484727,11.137705,,,,,
1,36,0.026,1,89,0,17.92814316,18.071787,,1296,36,326.5894854,18.071787,,,,,
1,0,0.043,0,90,0,20.20425872,-20.204289,,0,0,408.213294,-20.204289,,,,,
0,0,-0.009,2,90,0,16.96551188,-16.965622,,0,0,287.8323298,-16.965622,,,,,
0,31,0.006,1,90,0,19.451785,11.548145,,961,31,133.3596529,11.548145,,,,,
1,0,0.015,3,90,0,11.58957315,-11.589723,,0,0,134.3216792,-11.589723,,,,,
0,0,0.028,0,90,0,21.30758564,-21.307616,,0,0,454.0144996,-21.307616,,,,,
3,16,0.017,2,89,0,14.96901563,1.0308744,,256,16,1.062702029,1.0308744,,,,,
0,16,0.035,3,90,0,10.06593127,5.9339188,,256,16,35.21139232,5.9339188,,,,,
3,39,-0.002,1,89,0,20.02971812,18.970212,,1521,39,359.8689433,18.970212,,,,,
0,1,0.004,3,89,0,12.37766375,-11.377814,,1,1,129.4546514,-11.377814,,,,,
0,2,0.010,0,89,0,22.67360935,-20.673639,,4,2,427.3993495,-20.673639,,,,,
3,20,0.026,1,89,0,17.87560374,2.1243263,,400,20,4.512762229,2.1243263,,,,,
3,0,0.042,0,89,0,20.25679813,-20.256828,,0,0,410.3390806,-20.256828,,,,,
0,4,0.034,3,89,0,10.11847061,-6.1186206,,16,4,37.43751805,-6.1186206,,,,,
3,21,0.045,3,89,0,9.277840617,11.722009,,441,21,137.405495,11.722009,,,,,
3,34,-0.008,3,89,0,13.3233725,20.676478,,1156,34,427.5167425,20.676478,,,,,
0,0,0.017,3,89,0,11.43195497,-11.432105,,0,0,130.6930247,-11.432105,,,,,
0,0,0.053,3,89,0,8.647368142,-8.6475181,,0,0,74.77956929,-8.6475181,,,,,
0,0,0.019,3,89,0,11.22179753,-11.221948,,0,0,125.9321169,-11.221948,,,,,
0,0,0.029,3,89,0,10.48624622,-10.486396,,0,0,109.9645011,-10.486396,,,,,
0,23,0.006,3,90,0,12.272585,10.727265,,529,23,115.0742144,10.727265,,,,,
0,0,0.004,3,89,0,12.37766375,-12.377814,,0,0,153.2102794,-12.377814,,,,,
1,0,0.015,3,89,0,11.58957315,-11.589723,,0,0,134.3216792,-11.589723,,,,,
1,12,0.010,1,89,0,19.08400935,-7.0840794,,144,12,50.18418095,-7.0840794,,,,,
0,6,0.033,0,89,0,20.93981003,-14.93984,,36,6,223.1988192,-14.93984,,,,,
1,24,0.047,0,89,0,19.94156186,4.0584081,,576,24,16.47067631,4.0584081,,,,,
0,24,0.022,3,89,0,11.06417936,12.935671,,576,24,167.3315842,12.935671,,,,,
0,0,0.003,3,89,0,12.4827425,-12.482893,,0,0,155.8226176,-12.482893,,,,,
3,31,0.012,1,89,0,18.97893059,12.020999,,961,31,144.504417,12.020999,,,,,
1,0,0.005,0,89,0,23.09392438,-23.093954,,0,0,533.3307114,-23.093954,,,,,
3,6,0.035,2,89,0,13.60299185,-7.6031019,,36,6,57.8071585,-7.6031019,,,,,
3,5,0.052,3,89,0,8.7524469,-3.7525969,,25,5,14.08198349,-3.7525969,,,,,
0,10,0.060,3,90,0,8.174513767,1.8253363,,100,10,3.331852608,1.8253363,,,,,
1,21,-0.013,2,89,0,17.22820875,3.7716812,,441,21,14.22557907,3.7716812,,,,,
1,0,-0.011,3,90,0,13.53352999,-13.53368,,0,0,183.1604943,-13.53368,,,,,
1,47,0.023,1,90,0,18.1383006,28.861629,,2209,47,832.9936285,28.861629,,,,,
1,4,0.025,0,90,0,21.5702825,-17.570312,,16,4,308.7158638,-17.570312,,,,,
1,0,0.013,0,90,0,22.46345191,-22.463482,,0,0,504.6080236,-22.463482,,,,,
1,28,0.028,2,90,0,14.18092498,13.818965,,784,28,190.9637937,13.818965,,,,,
1,36,0.033,2,90,0,13.76061003,22.23928,,1296,36,494.5855749,22.23928,,,,,
1,22,0.011,3,90,0,11.85227001,10.14758,,484,22,102.9733799,10.14758,,,,,
0,5,0.038,1,90,0,16.98243441,-11.982504,,25,5,143.5804021,-11.982504,,,,,
3,0,0.056,3,90,0,8.489749966,-8.4899,,0,0,72.07840201,-8.4899,,,,,
3,27,0.040,3,90,0,9.69815565,17.301694,,729,27,299.3486153,17.301694,,,,,
1,9,0.020,3,90,0,11.16925812,-2.1694081,,81,9,4.706331504,-2.1694081,,,,,
1,27,0.013,2,90,0,15.33679125,11.663099,,729,27,136.0278783,11.663099,,,,,
3,33,0.016,1,90,0,18.66369439,14.336236,,1089,33,205.5276626,14.336236,,,,,
1,32,0.035,1,90,0,17.24513127,14.754799,,1024,32,217.7040935,14.754799,,,,,
3,0,0.028,3,90,0,10.53878564,-10.538936,,0,0,111.069172,-10.538936,,,,,
1,11,0.033,3,90,0,10.17101003,0.82884,,121,11,0.686975746,0.82884,,,,,
1,4,0.029,3,90,0,10.48624622,-6.4863963,,16,4,42.07333696,-6.4863963,,,,,
1,31,0.027,1,90,0,17.8230644,13.176866,,961,31,173.6297976,13.176866,,,,,
3,43,0.016,1,90,0,18.66369439,24.336236,,1849,43,592.2523826,24.336236,,,,,
0,29,0.006,2,90,0,15.80964563,13.190244,,841,29,173.9825368,13.190244,,,,,
3,2,0.011,3,90,0,11.85227001,-9.85242,,4,2,97.07017986,-9.85242,,,,,
3,13,0.044,3,90,0,9.382919375,3.6169306,,169,13,13.08218697,3.6169306,,,,,
3,32,0.035,1,90,0,17.24513127,14.754799,,1024,32,217.7040935,14.754799,,,,,
3,21,0.057,1,90,0,15.56387128,5.4360587,,441,21,29.55073419,5.4360587,,,,,
1,0,-0.001,3,90,0,12.74543937,-12.745589,,0,0,162.450039,-12.745589,,,,,
3,14,0.003,2,89,0,16.0723425,-2.0724525,,196,14,4.295059365,-2.0724525,,,,,
0,0,-0.003,0,90,0,23.6718575,-23.671888,,0,0,560.3582815,-23.671888,,,,,
0,20,0.062,3,90,0,8.016895591,11.982954,,400,20,143.5911866,11.982954,,,,,
3,16,0.002,2,90,0,16.12488188,-0.12499188,,256,16,0.01562297,-0.12499188,,,,,
1,19,0.027,1,90,0,17.8230644,1.1768656,,361,19,1.38501264,1.1768656,,,,,
0,0,0.015,3,90,0,11.58957315,-11.589723,,0,0,134.3216792,-11.589723,,,,,
0,0,0.060,3,90,0,8.174513767,-8.1746638,,0,0,66.82512824,-8.1746638,,,,,
1,20,0.031,1,90,0,17.56036747,2.4395625,,400,20,5.951465191,2.4395625,,,,,
0,0,0.054,3,90,0,8.594828725,-8.5949787,,0,0,73.87365885,-8.5949787,,,,,
0,0,0.016,0,90,0,22.25329439,-22.253324,,0,0,495.210429,-22.253324,,,,,
3,16,0.001,2,90,0,16.17742125,-0.17753125,,256,16,0.031517345,-0.17753125,,,,,
0,8,0.044,0,90,0,20.15171938,-12.151749,,64,8,147.6650038,-12.151749,,,,,
0,6,0.052,3,90,0,8.7524469,-2.7525969,,36,6,7.576789694,-2.7525969,,,,,
0,34,0.017,3,90,0,11.37941563,22.620434,,1156,34,511.6840343,22.620434,,,,,
0,1,0.052,3,90,0,8.7524469,-7.7525969,,1,1,60.10275869,-7.7525969,,,,,
1,1,0.042,3,90,0,9.540537475,-8.5406875,,1,1,72.94334297,-8.5406875,,,,,
1,11,-0.007,1,90,0,20.39749375,-9.3975637,,121,11,88.3142035,-9.3975637,,,,,
1,10,0.049,2,90,0,12.60474376,-2.6048538,,100,10,6.785263319,-2.6048538,,,,,
0,23,0.040,3,90,0,9.69815565,13.301694,,529,23,176.9350633,13.301694,,,,,
3,28,-0.008,1,90,0,20.5025725,7.4973575,,784,28,56.21036948,7.4973575,,,,,
1,19,0.060,1,90,0,15.30117435,3.6987556,,361,19,13.68079299,3.6987556,,,,,
0,16,0.064,3,90,0,7.859277492,8.1405725,,256,16,66.26892063,8.1405725,,,,,
3,8,0.040,3,90,0,9.69815565,-1.6983056,,64,8,2.884241911,-1.6983056,,,,,
0,0,-0.002,3,90,0,12.85051812,-12.850668,,0,0,165.139668,-12.850668,,,,,
0,22,0.000,2,90,0,16.2825,5.71739,,484,22,32.68854841,5.71739,,,,,
0,18,-0.002,1,89,0,20.02971812,-2.0297881,,324,18,4.120039731,-2.0297881,,,,,
0,11,0.006,0,88,0,22.98884563,-11.988876,,121,11,143.7331477,-11.988876,,,,,
0,26,0.021,0,89,0,21.88551878,4.1144513,,676,26,16.9287095,4.1144513,,,,,
1,39,0.011,1,89,0,19.03147001,19.96846,,1521,39,398.7393948,19.96846,,,,,
1,8,0.067,3,89,0,7.649119975,0.35073,,64,8,0.123011533,0.35073,,,,,
0,16,0.038,3,89,0,9.803234409,6.1966156,,256,16,38.39804489,6.1966156,,,,,
0,27,0.014,2,89,0,15.23171249,11.768178,,729,27,138.4900134,11.768178,,,,,
1,19,0.006,3,89,0,12.272585,6.727265,,361,19,45.25609438,6.727265,,,,,
1,40,0.022,1,89,0,18.19084002,21.80909,,1600,40,475.6364066,21.80909,,,,,
0,11,0.019,3,89,0,11.22179753,-0.2219475,,121,11,0.049260693,-0.2219475,,,,,
0,0,0.008,3,89,0,12.0624275,-12.062577,,0,0,145.5057639,-12.062577,,,,,
1,0,0.045,0,89,0,20.04664062,-20.046671,,0,0,401.8690182,-20.046671,,,,,
1,0,0.034,3,89,0,10.11847061,-10.118621,,0,0,102.3864909,-10.118621,,,,,
1,30,0.023,1,89,0,18.1383006,11.861629,,900,30,140.6982425,11.861629,,,,,
0,0,0.033,2,89,0,13.76061003,-13.76072,,0,0,189.3574149,-13.76072,,,,,
0,6,0.035,1,89,0,17.24513127,-11.245201,,36,6,126.4545455,-11.245201,,,,,
0,0,-0.001,3,89,0,12.79797875,-12.798129,,0,0,163.7921059,-12.798129,,,,,
0,35,0.015,0,89,0,22.35837315,12.641597,,1225,35,159.8099747,12.641597,,,,,
1,32,0.025,1,89,0,17.9806825,14.019248,,1024,32,196.5393145,14.019248,,,,,
0,17,0.031,3,89,0,10.38116747,6.6186825,,289,17,43.80695804,6.6186825,,,,,
3,22,0.023,1,89,0,18.1383006,3.8616294,,484,22,14.91218162,3.8616294,,,,,
0,14,0.039,2,89,0,13.34029499,0.659595,,196,14,0.435065564,0.659595,,,,,
0,17,0.000,0,89,0,23.4617,-6.46173,,289,17,41.75395459,-6.46173,,,,,
0,35,0.006,1,89,0,19.451785,15.548145,,1225,35,241.7448129,15.548145,,,,,
1,38,0.003,1,89,0,19.60940313,18.390527,,1444,38,338.2114833,18.390527,,,,,
1,0,0.007,0,89,0,22.93630625,-22.936336,,0,0,526.0755091,-22.936336,,,,,
0,12,0.003,0,89,0,23.19900313,-11.199033,,144,12,125.4183401,-11.199033,,,,,
1,31,0.012,1,89,0,18.97893059,12.020999,,961,31,144.504417,12.020999,,,,,
0,25,0.015,2,89,0,15.12663373,9.8732563,,625,25,97.48118997,9.8732563,,,,,
0,0,-0.002,2,89,0,16.44011812,-16.440228,,0,0,270.2810967,-16.440228,,,,,
0,26,0.019,1,89,0,18.40099753,7.5989325,,676,26,57.74377514,7.5989325,,,,,
0,0,0.016,3,89,0,11.48449439,-11.484644,,0,0,131.8970478,-11.484644,,,,,
0,0,0.013,0,89,0,22.51599125,-22.516021,,0,0,506.9712017,-22.516021,,,,,
0,4,0.007,0,89,0,22.93630625,-18.936336,,16,4,358.5848211,-18.936336,,,,,
0,21,0.001,1,89,0,19.76702125,1.2329087,,441,21,1.520063863,1.2329087,,,,,
1,5,-0.003,0,89,0,23.72439687,-18.724427,,25,5,350.6041665,-18.724427,,,,,
0,33,0.010,0,89,0,22.67360935,10.326361,,1089,33,106.6337315,10.326361,,,,,
0,2,0.017,3,89,0,11.37941563,-9.3795656,,4,2,87.97625084,-9.3795656,,,,,
1,11,0.020,0,89,0,21.93805812,-10.938088,,121,11,119.6417691,-10.938088,,,,,
0,6,0.002,2,89,0,16.12488188,-10.124992,,36,6,102.515463,-10.124992,,,,,
3,0,0.035,3,89,0,10.01339185,-10.013542,,0,0,100.2710234,-10.013542,,,,,
0,3,0.015,3,89,0,11.53703373,-8.5371838,,9,3,72.88350723,-8.5371838,,,,,
0,18,0.004,0,89,0,23.14646375,-5.1464938,,324,18,26.48639843,-5.1464938,,,,,
0,3,0.014,0,89,0,22.41091249,-19.410943,,9,3,376.7847081,-19.410943,,,,,
0,6,-0.010,0,89,0,24.19725125,-18.197281,,36,6,331.1410358,-18.197281,,,,,
0,30,-0.003,2,89,0,16.54519687,13.454693,,900,30,181.0287637,13.454693,,,,,
0,19,-0.006,2,89,0,16.702815,2.297075,,361,19,5.276553556,2.297075,,,,,
0,8,-0.010,0,89,0,24.24979065,-16.249821,,64,8,264.0566825,-16.249821,,,,,
0,5,0.013,0,89,0,22.46345191,-17.463482,,25,5,304.9732036,-17.463482,,,,,
0,19,0.020,3,89,0,11.16925812,7.8305919,,361,19,61.3181695,7.8305919,,,,,
0,32,0.025,1,89,0,17.9806825,14.019248,,1024,32,196.5393145,14.019248,,,,,
0,17,0.007,0,89,0,22.93630625,-5.9363363,,289,17,35.24008867,-5.9363363,,,,,
0,28,0.006,1,89,0,19.39924563,8.6006844,,784,28,73.97177215,8.6006844,,,,,
0,14,0.000,3,89,0,12.6929,1.30695,,196,14,1.708118303,1.30695,,,,,
3,8,0.038,0,89,0,20.62457375,-12.624604,,64,8,159.3806262,-12.624604,,,,,
1,26,-0.007,1,89,0,20.39749375,5.6024363,,676,26,31.3872925,5.6024363,,,,,
1,30,0.044,1,89,0,16.50958003,13.49035,,900,30,181.9895431,13.49035,,,,,
3,27,0.010,3,89,0,11.90480935,15.095041,,729,27,227.8602628,15.095041,,,,,
0,4,0.012,3,89,0,11.79973059,-7.7998806,,16,4,60.83813737,-7.7998806,,,,,
1,28,0.026,1,89,0,17.87560374,10.124326,,784,28,102.501977,10.124326,,,,,
3,4,0.038,0,89,0,20.57203441,-16.572064,,16,4,274.6333052,-16.572064,,,,,
1,5,-0.001,1,89,0,19.92463937,-14.924709,,25,5,222.7469387,-14.924709,,,,,
0,11,0.028,3,89,0,10.53878564,0.46106438,,121,11,0.212580363,0.46106438,,,,,
0,1,0.023,3,89,0,10.9591006,-9.9592506,,1,1,99.18667251,-9.9592506,,,,,
0,35,0.022,1,89,0,18.19084002,16.80909,,1225,35,282.5455066,16.80909,,,,,
1,9,0.009,0,89,0,22.77868812,-13.778718,,81,9,189.8530697,-13.778718,,,,,
3,34,0.065,2,89,0,11.39633815,22.603552,,1156,34,510.920563,22.603552,,,,,
1,2,0.018,0,89,0,22.09567622,-20.095706,,4,2,403.8373996,-20.095706,,,,,
0,0,0.003,3,89,0,12.4827425,-12.482893,,0,0,155.8226176,-12.482893,,,,,
0,29,0.023,3,89,0,10.9591006,18.040749,,841,29,325.4686245,18.040749,,,,,
3,22,0.016,1,89,0,18.66369439,3.3362356,,484,22,11.13046798,3.3362356,,,,,
0,6,0.000,3,89,0,12.6929,-6.69305,,36,6,44.7969183,-6.69305,,,,,
3,19,0.017,3,89,0,11.37941563,7.6204344,,361,19,58.07102044,7.6204344,,,,,
1,19,0.000,3,89,0,12.6929,6.30695,,361,19,39.7776183,6.30695,,,,,
1,19,-0.031,1,89,0,22.23637188,-3.2364419,,361,19,10.47455617,-3.2364419,,,,,
1,11,0.003,3,89,0,12.4827425,-1.4828925,,121,11,2.198970167,-1.4828925,,,,,
1,38,0.011,1,89,0,19.03147001,18.96846,,1444,38,359.8024748,18.96846,,,,,
3,30,0.013,1,89,0,18.92639125,11.073539,,900,30,122.623266,11.073539,,,,,
1,7,0.000,3,89,0,12.6929,-5.69305,,49,7,32.4108183,-5.69305,,,,,
0,26,0.009,1,89,0,19.18908812,6.8108419,,676,26,46.38756739,6.8108419,,,,,
0,5,0.003,3,89,0,12.4827425,-7.4828925,,25,5,55.99368017,-7.4828925,,,,,
0,14,0.051,2,89,0,12.39458624,1.6053038,,196,14,2.57700029,1.6053038,,,,,
0,21,0.005,3,89,0,12.32512438,8.6747256,,441,21,75.25086424,8.6747256,,,,,
0,11,0.005,3,89,0,12.32512438,-1.3252744,,121,11,1.756352235,-1.3252744,,,,,
0,17,0.025,3,89,0,10.8014825,6.1983675,,289,17,38.41975967,6.1983675,,,,,
0,0,0.047,3,89,0,9.120222517,-9.1203725,,0,0,83.18119454,-9.1203725,,,,,
0,24,0.019,1,89,0,18.45353688,5.5463931,,576,24,30.76247642,5.5463931,,,,,
1,26,0.029,1,89,0,17.66544622,8.3344838,,676,26,69.46362021,8.3344838,,,,,
0,6,0.022,2,89,0,14.65377936,-8.6538894,,36,6,74.88980175,-8.6538894,,,,,
3,0,0.015,3,89,0,11.58957315,-11.589723,,0,0,134.3216792,-11.589723,,,,,
1,0,-0.003,3,89,0,12.9030575,-12.903208,,0,0,166.4927767,-12.903208,,,,,
0,19,-0.008,3,89,0,13.27083313,5.7290169,,361,19,32.82163464,5.7290169,,,,,
3,37,0.017,1,89,0,18.55861563,18.441314,,1369,37,340.082062,18.441314,,,,,
0,7,0.008,1,89,0,19.2416275,-12.241698,,49,7,149.8591699,-12.241698,,,,,
3,29,0.003,2,89,0,16.0723425,12.927547,,841,29,167.1214714,12.927547,,,,,
1,19,0.019,3,89,0,11.27433688,7.7255131,,361,19,59.68355266,7.7255131,,,,,
0,3,0.019,3,89,0,11.22179753,-8.2219475,,9,3,67.60042069,-8.2219475,,,,,
3,32,0.004,1,89,0,19.55686375,12.443066,,1024,32,154.8298915,12.443066,,,,,
1,10,0.033,3,89,0,10.17101003,-0.17116,,100,10,0.029295746,-0.17116,,,,,
3,33,0.013,1,89,0,18.92639125,14.073539,,1089,33,198.0645,14.073539,,,,,
0,6,0.013,3,89,0,11.69465191,-5.6948019,,36,6,32.43076868,-5.6948019,,,,,
3,0,0.010,0,89,0,22.67360935,-22.673639,,0,0,514.0939055,-22.673639,,,,,
3,21,0.033,3,89,0,10.17101003,10.82884,,441,21,117.2637757,10.82884,,,,,
0,12,0.032,3,89,0,10.27608878,1.7237612,,144,12,2.971352675,1.7237612,,,,,
1,0,-0.008,2,88,0,16.9129725,-16.913083,,0,0,286.0523766,-16.913083,,,,,
1,32,0.015,2,90,0,15.17917315,16.820717,,1024,32,282.9365204,16.820717,,,,,
1,0,0.026,0,88,0,21.46520374,-21.465234,,0,0,460.7562707,-21.465234,,,,,
0,2,0.022,2,87,0,14.60124002,-12.60135,,4,2,158.7940218,-12.60135,,,,,
0,30,0.006,0,87,0,22.98884563,7.0111244,,900,30,49.15586535,7.0111244,,,,,
0,30,-0.015,1,87,0,21.02796627,8.9719638,,900,30,80.49613443,8.9719638,,,,,
0,8,-0.001,2,87,0,16.33503937,-8.3351494,,64,8,69.47471552,-8.3351494,,,,,
0,18,0.010,0,87,0,22.67360935,-4.6736394,,324,18,21.84290524,-4.6736394,,,,,
1,32,-0.001,1,87,0,19.97717875,12.022751,,1024,32,144.5465416,12.022751,,,,,
0,0,0.057,3,87,0,8.384671284,-8.3848212,,0,0,70.30522656,-8.3848212,,,,,
1,28,-0.001,0,87,0,23.56677875,4.4331913,,784,28,19.6531851,4.4331913,,,,,
1,3,-0.003,2,87,0,16.4926575,-13.492767,,9,3,182.0547613,-13.492767,,,,,
0,1,0.050,3,87,0,8.910065,-7.910215,,1,1,62.57150135,-7.910215,,,,,
0,9,-0.026,3,87,0,14.63685684,-5.6370069,,81,9,31.77584679,-5.6370069,,,,,
0,32,0.003,2,87,0,16.0723425,15.927547,,1024,32,253.6867534,15.927547,,,,,
1,0,0.017,3,87,0,11.43195497,-11.432105,,0,0,130.6930247,-11.432105,,,,,
1,11,0.006,1,87,0,19.39924563,-8.3993156,,121,11,70.54850255,-8.3993156,,,,,
1,25,0.004,1,87,0,19.55686375,5.4430663,,625,25,29.62697075,5.4430663,,,,,
0,3,0.038,2,87,0,13.44537375,-10.445484,,9,3,109.108136,-10.445484,,,,,
0,2,0.028,2,87,0,14.18092498,-12.181035,,4,2,148.3776137,-12.181035,,,,,
0,35,0.032,0,87,0,21.04488878,13.955081,,1225,35,194.7442857,13.955081,,,,,
0,27,0.006,0,87,0,23.041385,3.958585,,729,27,15.6703952,3.958585,,,,,
1,17,-0.004,0,87,0,23.77693625,-6.7769663,,289,17,45.92727223,-6.7769663,,,,,
0,41,0.018,0,87,0,22.09567622,18.904294,,1681,41,357.3723316,18.904294,,,,,
0,0,0.056,0,87,0,19.25854997,-19.25858,,0,0,370.8929036,-19.25858,,,,,
1,25,-0.002,2,87,0,16.44011812,8.5597719,,625,25,73.26969498,8.5597719,,,,,
1,1,0.006,2,87,0,15.80964563,-14.809756,,1,1,219.3288728,-14.809756,,,,,
0,13,0.003,2,87,0,16.0723425,-3.0724525,,169,13,9.439964365,-3.0724525,,,,,
1,15,0.006,0,87,0,23.041385,-8.041415,,225,15,64.6643552,-8.041415,,,,,
0,32,-0.013,0,87,0,24.45994809,7.5400219,,1024,32,56.85193025,7.5400219,,,,,
1,0,0.000,3,87,0,12.6929,-12.69305,,0,0,161.1135183,-12.69305,,,,,
0,10,0.026,0,87,0,21.46520374,-11.465234,,100,10,131.4515907,-11.465234,,,,,
1,12,-0.008,2,87,0,16.9129725,-4.9130825,,144,12,24.13837965,-4.9130825,,,,,
1,25,0.013,0,87,0,22.51599125,2.4839787,,625,25,6.170150182,2.4839787,,,,,
0,33,0.036,0,87,0,20.72965251,12.270318,,1089,33,150.5607038,12.270318,,,,,
1,10,0.029,3,87,0,10.48624622,-0.48639625,,100,10,0.236581312,-0.48639625,,,,,
0,23,0.012,3,87,0,11.79973059,11.200119,,529,23,125.4426656,11.200119,,,,,
0,3,0.006,2,87,0,15.862185,-12.862295,,9,3,165.4386327,-12.862295,,,,,
0,11,-0.009,2,87,0,16.96551188,-5.9656219,,121,11,35.58864465,-5.9656219,,,,,
1,5,0.001,3,87,0,12.58782125,-7.5879712,,25,5,57.57730693,-7.5879712,,,,,
0,20,-0.005,2,87,0,16.65027562,3.3496144,,400,20,11.21991663,3.3496144,,,,,
0,37,-0.004,0,87,0,23.77693625,13.223034,,1369,37,174.8486282,13.223034,,,,,
0,35,-0.004,0,87,0,23.77693625,11.223034,,1225,35,125.9564922,11.223034,,,,,
0,23,-0.008,2,87,0,16.86043313,6.1394569,,529,23,37.69293103,6.1394569,,,,,
0,36,-0.011,0,87,0,24.30232999,11.69764,,1296,36,136.8347816,11.69764,,,,,
1,9,-0.012,0,87,0,24.35486941,-15.354899,,81,9,235.7729233,-15.354899,,,,,
1,0,0.007,3,87,0,12.16750625,-12.167656,,0,0,148.0518525,-12.167656,,,,,
0,13,0.003,0,87,0,23.2515425,-10.251572,,169,13,105.0947285,-10.251572,,,,,
0,22,0.008,0,87,0,22.88376687,-0.88379688,,484,22,0.781096925,-0.88379688,,,,,
1,39,0.038,0,87,0,20.57203441,18.427936,,1521,39,339.5888252,18.427936,,,,,
1,29,0.024,0,87,0,21.62282184,7.3771481,,841,29,54.42231409,7.3771481,,,,,
0,21,0.024,0,88,0,21.67536126,-0.67539125,,441,21,0.456153341,-0.67539125,,,,,
0,14,0.010,2,87,0,15.54694875,-1.5470587,,196,14,2.393390621,-1.5470587,,,,,
3,0,0.042,3,90,0,9.487998133,-9.4881481,,0,0,90.02495437,-9.4881481,,,,,
0,4,0.006,3,90,0,12.272585,-8.272735,,16,4,68.43814438,-8.272735,,,,,
0,9,0.039,3,90,0,9.750694992,-0.750845,,81,9,0.563768214,-0.750845,,,,,
0,0,0.040,3,90,0,9.645616233,-9.6457662,,0,0,93.04080559,-9.6457662,,,,,
3,15,0.057,3,90,0,8.384671284,6.6151788,,225,15,43.76059056,6.6151788,,,,,
1,6,0.019,3,87,0,11.22179753,-5.2219475,,36,6,27.26873569,-5.2219475,,,,,
1,0,0.037,2,87,0,13.49791309,-13.498023,,0,0,182.1966249,-13.498023,,,,,
1,0,0.009,0,90,0,22.77868812,-22.778718,,0,0,518.8699937,-22.778718,,,,,
0,12,0.012,0,87,0,22.56853059,-10.568561,,144,12,111.6944816,-10.568561,,,,,
3,21,0.022,0,90,0,21.83297936,-0.83300938,,441,21,0.693904627,-0.83300938,,,,,
3,20,0.043,2,90,0,13.02505872,6.9748313,,400,20,48.64827166,6.9748313,,,,,
1,20,0.006,2,90,0,15.862185,4.137705,,400,20,17.12060267,4.137705,,,,,
0,16,-0.001,1,90,0,19.92463937,-3.9247094,,256,16,15.40334387,-3.9247094,,,,,
1,29,0.006,1,90,0,19.451785,9.548145,,841,29,91.16707294,9.548145,,,,,
0,4,-0.018,2,87,0,17.64852378,-13.648634,,16,4,186.2852101,-13.648634,,,,,
3,24,0.035,3,90,0,10.06593127,13.933919,,576,24,194.1540987,13.933919,,,,,
3,12,0.010,3,90,0,11.90480935,0.095040625,,144,12,0.00903272,0.095040625,,,,,
0,6,0.018,3,90,0,11.32687622,-5.3270263,,36,6,28.3772092,-5.3270263,,,,,
0,0,0.042,3,90,0,9.540537475,-9.5406875,,0,0,91.02471797,-9.5406875,,,,,
1,33,0.016,0,87,0,22.25329439,10.746676,,1089,33,115.491045,10.746676,,,,,
0,11,0.011,2,87,0,15.44187001,-4.44198,,121,11,19.73118632,-4.44198,,,,,
0,21,0.008,0,87,0,22.8312275,-1.8312575,,441,21,3.353504031,-1.8312575,,,,,
0,20,-0.007,0,87,0,23.98709375,-3.9871237,,400,20,15.8971554,-3.9871237,,,,,
0,33,-0.007,3,87,0,13.21829375,19.781556,,1089,33,391.3099578,19.781556,,,,,
0,0,-0.008,1,87,0,20.5025725,-20.502643,,0,0,420.35837,-20.502643,,,,,
1,0,0.007,3,87,0,12.16750625,-12.167656,,0,0,148.0518525,-12.167656,,,,,
0,31,0.003,0,87,0,23.19900313,7.8009669,,961,31,60.85508457,7.8009669,,,,,
1,7,-0.015,0,87,0,24.61756627,-17.617596,,49,7,310.3796888,-17.617596,,,,,
0,32,0.008,0,87,0,22.88376687,9.1162031,,1024,32,83.10515896,9.1162031,,,,,
0,0,0.036,1,87,0,17.14005251,-17.140123,,0,0,293.7838165,-17.140123,,,,,
1,33,-0.028,0,87,0,25.61581436,7.3841556,,1089,33,54.52575393,7.3841556,,,,,
0,33,-0.013,0,87,0,24.45994809,8.5400219,,1089,33,72.93197405,8.5400219,,,,,
0,0,-0.009,3,87,0,13.37591188,-13.376062,,0,0,178.9190346,-13.376062,,,,,
0,26,0.013,0,87,0,22.46345191,3.5365181,,676,26,12.50696027,3.5365181,,,,,
1,1,0.019,3,87,0,11.22179753,-10.221948,,1,1,104.4882209,-10.221948,,,,,
1,44,0.029,0,87,0,21.25504622,22.744924,,1936,44,517.3315678,22.744924,,,,,
0,12,0.021,1,87,0,18.29591878,-6.2959888,,144,12,39.63947497,-6.2959888,,,,,
1,28,0.038,0,87,0,20.57203441,7.4279356,,784,28,55.17422728,7.4279356,,,,,
0,31,-0.006,0,87,0,23.93455438,7.0654156,,961,31,49.9200976,7.0654156,,,,,
0,30,0.011,0,87,0,22.62107001,7.3789,,900,30,54.44816521,7.3789,,,,,
1,15,-0.008,0,87,0,24.0921725,-9.0922025,,225,15,82.6681463,-9.0922025,,,,,
0,13,-0.016,3,87,0,13.90130561,-0.90145562,,169,13,0.812622235,-0.90145562,,,,,
0,28,-0.014,0,87,0,24.51248751,3.4874825,,784,28,12.16253419,3.4874825,,,,,
0,12,0.017,1,87,0,18.55861563,-6.5586856,,144,12,43.0163568,-6.5586856,,,,,
1,14,0.028,0,90,0,21.36012498,-7.360155,,196,14,54.17188162,-7.360155,,,,,
0,10,0.017,3,87,0,11.37941563,-1.3795656,,100,10,1.903201245,-1.3795656,,,,,
0,16,-0.015,2,87,0,17.43836627,-1.4384762,,256,16,2.069213778,-1.4384762,,,,,
0,43,-0.010,0,87,0,24.19725125,18.802719,,1849,43,353.5422418,18.802719,,,,,
0,22,0.001,0,87,0,23.40916063,-1.4091906,,484,22,1.985818147,-1.4091906,,,,,
0,24,-0.004,0,87,0,23.77693625,0.22303375,,576,24,0.049744054,0.22303375,,,,,
0,1,-0.001,0,87,0,23.51423937,-22.514269,,1,1,506.8923086,-22.514269,,,,,
0,36,0.014,2,87,0,15.23171249,20.768178,,1296,36,431.3172174,20.768178,,,,,
0,32,-0.013,0,87,0,24.45994809,7.5400219,,1024,32,56.85193025,7.5400219,,,,,
1,0,0.000,3,87,0,12.6929,-12.69305,,0,0,161.1135183,-12.69305,,,,,
0,0,0.002,3,87,0,12.53528188,-12.535432,,0,0,157.1370554,-12.535432,,,,,
1,0,0.018,2,87,0,14.91647622,-14.916586,,0,0,222.5045379,-14.916586,,,,,
0,42,-0.003,0,87,0,23.72439687,18.275573,,1764,42,333.9965685,18.275573,,,,,
0,0,0.057,3,87,0,8.384671284,-8.3848212,,0,0,70.30522656,-8.3848212,,,,,
0,34,-0.008,0,87,0,24.03963313,9.9603369,,1156,34,99.20831116,9.9603369,,,,,
0,10,0.031,3,87,0,10.32862813,-0.32877812,,100,10,0.108095052,-0.32877812,,,,,
0,1,0.037,2,87,0,13.49791309,-12.498023,,1,1,156.2005789,-12.498023,,,,,
0,23,-0.004,0,87,0,23.77693625,-0.77696625,,529,23,0.603676554,-0.77696625,,,,,
0,0,0.010,2,87,0,15.49440935,-15.494519,,0,0,240.080119,-15.494519,,,,,
0,12,0.010,2,87,0,15.49440935,-3.4945194,,144,12,12.21166584,-3.4945194,,,,,
0,0,0.007,3,87,0,12.16750625,-12.167656,,0,0,148.0518525,-12.167656,,,,,
1,0,0.040,3,87,0,9.69815565,-9.6983056,,0,0,94.05713151,-9.6983056,,,,,
1,22,0.006,0,87,0,22.98884563,-0.98887563,,484,22,0.977875012,-0.98887563,,,,,
0,2,0.025,3,87,0,10.8014825,-8.8016325,,4,2,77.46873467,-8.8016325,,,,,
0,17,0.006,3,87,0,12.272585,4.727265,,289,17,22.34703438,4.727265,,,,,
0,30,0.017,0,87,0,22.20075497,7.799215,,900,30,60.82775462,7.799215,,,,,
0,32,0.062,0,87,0,18.78569559,13.214274,,1024,32,174.6170373,13.214274,,,,,
0,27,0.010,2,87,0,15.54694875,11.452941,,729,27,131.1698575,11.452941,,,,,
0,2,0.013,2,87,0,15.33679125,-13.336901,,4,2,177.8729283,-13.336901,,,,,
0,0,-0.002,3,87,0,12.85051812,-12.850668,,0,0,165.139668,-12.850668,,,,,
0,28,0.041,0,87,0,20.36187689,7.6380931,,784,28,58.3404662,7.6380931,,,,,
0,14,0.019,3,87,0,11.27433688,2.7255131,,196,14,7.428421658,2.7255131,,,,,
0,20,0.046,3,87,0,9.225301275,10.774549,,400,20,116.0909062,10.774549,,,,,
0,33,-0.005,0,87,0,23.82947562,9.1704944,,1089,33,84.09796754,9.1704944,,,,,
0,27,0.033,1,87,0,17.35021003,9.64972,,729,27,93.11709608,9.64972,,,,,
0,8,0.005,2,87,0,15.91472438,-7.9148344,,64,8,62.64460358,-7.9148344,,,,,
0,23,-0.010,0,87,0,24.19725125,-1.1972813,,529,23,1.433482511,-1.1972813,,,,,
0,20,0.002,3,87,0,12.53528188,7.4645681,,400,20,55.71977692,7.4645681,,,,,
0,17,0.017,1,87,0,18.55861563,-1.5586856,,289,17,2.4295008,-1.5586856,,,,,
0,21,-0.008,0,87,0,24.03963313,-3.0396631,,441,21,9.239551762,-3.0396631,,,,,
0,32,0.000,0,87,0,23.4617,8.53827,,1024,32,72.90205459,8.53827,,,,,
0,0,0.005,3,87,0,12.32512438,-12.325274,,0,0,151.9123792,-12.325274,,,,,
0,22,0.026,3,87,0,10.69640374,11.303446,,484,22,127.7678915,11.303446,,,,,
0,19,-0.021,0,87,0,25.03788122,-6.0379112,,361,19,36.45637166,-6.0379112,,,,,
0,1,0.008,3,87,0,12.11496687,-11.115117,,1,1,123.5458259,-11.115117,,,,,
0,7,0.045,1,87,0,16.45704062,-9.4571106,,49,7,89.4369409,-9.4571106,,,,,
0,25,-0.003,0,87,0,23.6718575,1.3281125,,625,25,1.763882813,1.3281125,,,,,
3,21,0.050,0,90,0,19.678865,1.321105,,441,21,1.745318421,1.321105,,,,,
0,23,-0.004,0,87,0,23.77693625,-0.77696625,,529,23,0.603676554,-0.77696625,,,,,
0,0,-0.002,0,87,0,23.61931812,-23.619348,,0,0,557.8735999,-23.619348,,,,,
0,14,0.000,3,87,0,12.6929,1.30695,,196,14,1.708118303,1.30695,,,,,
0,32,0.006,2,87,0,15.862185,16.137705,,1024,32,260.4255227,16.137705,,,,,
0,2,0.038,2,87,0,13.44537375,-11.445484,,4,2,130.999104,-11.445484,,,,,
0,0,-0.018,2,87,0,17.64852378,-17.648634,,0,0,311.4742821,-17.648634,,,,,
0,16,0.017,1,87,0,18.55861563,-2.5586856,,256,16,6.546872,-2.5586856,,,,,
0,6,0.002,1,87,0,19.71448188,-13.714552,,36,6,188.0889366,-13.714552,,,,,
0,33,0.020,0,87,0,21.93805812,11.061912,,1089,33,122.3658971,11.061912,,,,,
0,20,0.003,1,87,0,19.60940313,0.39052687,,400,20,0.152511236,0.39052687,,,,,
0,0,0.035,3,87,0,10.06593127,-10.066081,,0,0,101.3259867,-10.066081,,,,,
0,27,0.008,2,87,0,15.70456687,11.295323,,729,27,127.5843217,11.295323,,,,,
0,20,0.001,2,87,0,16.17742125,3.8224688,,400,20,14.61126773,3.8224688,,,,,
0,20,0.012,3,87,0,11.79973059,8.2001194,,400,20,67.24195817,8.2001194,,,,,
0,0,0.003,3,87,0,12.43020313,-12.430353,,0,0,154.5136757,-12.430353,,,,,
1,28,0.013,0,87,0,22.51599125,5.4839788,,784,28,30.07402348,5.4839788,,,,,
0,0,-0.019,2,87,0,17.75360247,-17.753712,,0,0,315.1942898,-17.753712,,,,,
0,31,0.015,0,87,0,22.30583373,8.6941362,,961,31,75.58800426,8.6941362,,,,,
1,6,0.001,0,87,0,23.40916063,-17.409191,,36,6,303.0799313,-17.409191,,,,,
0,11,0.037,2,87,0,13.49791309,-2.4980231,,121,11,6.240119408,-2.4980231,,,,,
0,30,-0.013,3,87,0,13.69114809,16.308702,,900,30,265.9737609,16.308702,,,,,
0,35,0.049,0,87,0,19.78394376,15.216026,,1225,35,231.5274472,15.216026,,,,,
0,15,0.026,0,87,0,21.51774316,-6.5177731,,225,15,42.48136618,-6.5177731,,,,,
1,21,-0.008,0,87,0,24.0921725,-3.0922025,,441,21,9.561716301,-3.0922025,,,,,
0,1,0.026,3,87,0,10.69640374,-9.6965537,,1,1,94.02315366,-9.6965537,,,,,
0,0,0.040,0,87,0,20.41441623,-20.414446,,0,0,416.7496055,-20.414446,,,,,
0,32,0.031,0,87,0,21.14996747,10.850003,,1024,32,117.7225651,10.850003,,,,,
0,10,0.025,2,87,0,14.3910825,-4.3911925,,100,10,19.28257157,-4.3911925,,,,,
0,41,-0.033,0,87,0,25.98358997,15.01638,,1681,41,225.4916683,15.01638,,,,,
0,65,-0.010,0,87,0,24.24979065,40.750179,,4225,65,1660.577089,40.750179,,,,,
0,19,0.026,0,87,0,21.51774316,-2.5177731,,361,19,6.339181383,-2.5177731,,,,,
0,24,0.017,1,87,0,18.61115497,5.388775,,576,24,29.038896,5.388775,,,,,
0,36,-0.018,0,87,0,24.82772378,11.172246,,1296,36,124.8190807,11.172246,,,,,
0,30,0.024,3,87,0,10.85402184,19.145828,,900,30,366.5627298,19.145828,,,,,
0,32,0.011,1,87,0,19.03147001,12.96846,,1024,32,168.1809548,12.96846,,,,,
0,7,-0.003,0,87,0,23.72439687,-16.724427,,49,7,279.7064585,-16.724427,,,,,
0,32,0.013,0,87,0,22.51599125,9.4839788,,1024,32,89.94585388,9.4839788,,,,,
0,31,0.010,0,87,0,22.67360935,8.3263606,,961,31,69.32828084,8.3263606,,,,,
0,9,-0.014,0,87,0,24.51248751,-15.512517,,81,9,240.6381837,-15.512517,,,,,
0,29,0.010,0,87,0,22.72614875,6.2738213,,841,29,39.3608337,6.2738213,,,,,
0,14,-0.024,0,87,0,25.30057816,-11.300608,,196,14,127.7037412,-11.300608,,,,,
0,27,-0.019,0,87,0,24.88026313,2.1197069,,729,27,4.493157342,2.1197069,,,,,
0,26,0.028,3,87,0,10.59132498,15.408525,,676,26,237.4226427,15.408525,,,,,
0,8,0.051,3,87,0,8.857525659,-0.85767563,,64,8,0.735607486,-0.85767563,,,,,
0,1,0.020,2,87,0,14.75885812,-13.758968,,1,1,189.3092004,-13.758968,,,,,
0,0,0.013,2,87,0,15.33679125,-15.336901,,0,0,235.2205323,-15.336901,,,,,
3,0,0.028,3,90,0,10.53878564,-10.538936,,0,0,111.069172,-10.538936,,,,,
0,24,0.011,3,87,0,11.85227001,12.14758,,576,24,147.5636999,12.14758,,,,,
1,26,0.021,2,90,0,14.70631878,11.293571,,676,26,127.5447459,11.293571,,,,,
0,3,0.002,0,88,0,23.30408188,-20.304112,,9,3,412.2569641,-20.304112,,,,,
0,2,-0.008,0,88,0,24.03963313,-22.039663,,4,2,485.7467452,-22.039663,,,,,
0,27,-0.001,2,88,0,16.38757875,10.612311,,729,27,112.6211448,10.612311,,,,,
0,16,0.022,0,88,0,21.83297936,-5.8330094,,256,16,34.02399866,-5.8330094,,,,,
0,11,0.035,0,88,0,20.78219185,-9.7822219,,121,11,95.6918653,-9.7822219,,,,,
0,28,0.027,1,88,0,17.8230644,10.176866,,784,28,103.5686016,10.176866,,,,,
0,22,0.046,2,88,0,12.81490128,9.1849888,,484,22,84.36401926,9.1849888,,,,,
0,16,-0.016,0,88,0,24.67010561,-8.6701356,,256,16,75.17125132,-8.6701356,,,,,
0,3,0.008,2,88,0,15.70456687,-12.704677,,9,3,161.4088177,-12.704677,,,,,
0,11,-0.005,0,88,0,23.82947562,-12.829506,,121,11,164.5962242,-12.829506,,,,,
0,32,0.022,1,88,0,18.24337936,13.756551,,1024,32,189.2426954,13.756551,,,,,
0,9,0.024,3,88,0,10.85402184,-1.8541719,,81,9,3.437953435,-1.8541719,,,,,
1,0,0.002,0,88,0,23.30408188,-23.304112,,0,0,543.0816361,-23.304112,,,,,
0,2,0.041,0,88,0,20.36187689,-18.361907,,4,2,337.1596287,-18.361907,,,,,
0,0,0.013,0,88,0,22.46345191,-22.463482,,0,0,504.6080236,-22.463482,,,,,
0,14,0.010,3,88,0,11.95734875,2.0425012,,196,14,4.171811152,2.0425012,,,,,
0,18,-0.007,0,88,0,23.98709375,-5.9871238,,324,18,35.8456514,-5.9871238,,,,,
0,3,0.002,0,88,0,23.30408188,-20.304112,,9,3,412.2569641,-20.304112,,,,,
0,8,0.013,0,88,0,22.51599125,-14.516021,,64,8,210.7148657,-14.516021,,,,,
0,0,-0.008,0,88,0,24.03963313,-24.039663,,0,0,577.9053972,-24.039663,,,,,
0,0,0.020,3,88,0,11.16925812,-11.169408,,0,0,124.7556751,-11.169408,,,,,
0,24,-0.018,0,88,0,24.82772378,-0.82775375,,576,24,0.685176271,-0.82775375,,,,,
0,0,0.010,3,88,0,11.90480935,-11.904959,,0,0,141.7280488,-11.904959,,,,,
0,32,0.006,1,88,0,19.39924563,12.600684,,1024,32,158.7772373,12.600684,,,,,
1,2,0.031,3,88,0,10.38116747,-8.3813175,,4,2,70.24648304,-8.3813175,,,,,
1,35,0.013,1,88,0,18.92639125,16.073539,,1225,35,258.358656,16.073539,,,,,
1,0,0.024,3,88,0,10.85402184,-10.854172,,0,0,117.8130498,-10.854172,,,,,
0,26,-0.003,2,88,0,16.4926575,9.5072325,,676,26,90.38746981,9.5072325,,,,,
0,0,0.040,0,88,0,20.41441623,-20.414446,,0,0,416.7496055,-20.414446,,,,,
0,10,0.013,0,88,0,22.46345191,-12.463482,,100,10,155.3383836,-12.463482,,,,,
0,2,0.031,3,88,0,10.38116747,-8.3813175,,4,2,70.24648304,-8.3813175,,,,,
0,0,0.035,3,88,0,10.06593127,-10.066081,,0,0,101.3259867,-10.066081,,,,,
0,27,0.034,0,88,0,20.88727061,6.1126994,,729,27,37.36509395,6.1126994,,,,,
1,23,-0.004,1,88,0,20.18733625,2.8125938,,529,23,7.910683884,2.8125938,,,,,
0,5,0.006,3,88,0,12.272585,-7.272735,,25,5,52.89267438,-7.272735,,,,,
1,36,-0.017,1,88,0,21.13304503,14.866885,,1296,36,221.0242696,14.866885,,,,,
1,35,-0.010,1,88,0,20.66019065,14.339739,,1225,35,205.6281146,14.339739,,,,,
0,0,0.008,3,88,0,12.0624275,-12.062577,,0,0,145.5057639,-12.062577,,,,,
0,7,0.019,3,88,0,11.27433688,-4.2744869,,49,7,18.27123826,-4.2744869,,,,,
1,38,0.040,0,88,0,20.46695565,17.533014,,1444,38,307.4065799,17.533014,,,,,
0,23,0.017,0,88,0,22.14821563,0.85175437,,529,23,0.725485507,0.85175437,,,,,
0,12,-0.015,0,88,0,24.56502685,-12.565057,,144,12,157.8806574,-12.565057,,,,,
0,33,0.013,1,88,0,18.92639125,14.073539,,1089,33,198.0645,14.073539,,,,,
0,13,-0.008,2,88,0,16.86043313,-3.8605431,,169,13,14.90379303,-3.8605431,,,,,
0,29,0.028,1,88,0,17.71798564,11.281944,,841,29,127.2822604,11.281944,,,,,
0,4,0.001,2,88,0,16.22996063,-12.230071,,16,4,149.5746367,-12.230071,,,,,
0,23,0.011,0,88,0,22.62107001,0.3789,,529,23,0.14356521,0.3789,,,,,
0,1,0.022,2,88,0,14.65377936,-13.653889,,1,1,186.4286848,-13.653889,,,,,
0,17,-0.006,2,88,0,16.702815,0.297075,,289,17,0.088253556,0.297075,,,,,
0,3,0.045,3,88,0,9.277840617,-6.2779906,,9,3,39.41316597,-6.2779906,,,,,
0,8,0.031,0,88,0,21.09742813,-13.097458,,64,8,171.5434061,-13.097458,,,,,
0,14,-0.003,1,88,0,20.13479687,-6.1348669,,196,14,37.63659188,-6.1348669,,,,,
0,32,-0.008,2,88,0,16.9129725,15.086918,,1024,32,227.6150947,15.086918,,,,,
0,20,-0.004,1,88,0,20.18733625,-0.18740625,,400,20,0.035121103,-0.18740625,,,,,
0,29,0.001,3,88,0,12.58782125,16.412029,,841,29,269.3546959,16.412029,,,,,
1,34,0.017,2,88,0,15.02155497,18.978335,,1156,34,360.1771994,18.978335,,,,,
0,25,-0.001,1,88,0,19.92463937,5.0752906,,625,25,25.75857467,5.0752906,,,,,
1,0,0.006,2,88,0,15.80964563,-15.809756,,0,0,249.9483848,-15.809756,,,,,
0,0,0.028,0,88,0,21.36012498,-21.360155,,0,0,456.2562216,-21.360155,,,,,
1,12,0.053,3,88,0,8.699907483,3.2999425,,144,12,10.8896205,3.2999425,,,,,
0,3,0.038,2,88,0,13.44537375,-10.445484,,9,3,109.108136,-10.445484,,,,,
0,15,-0.010,0,88,0,24.19725125,-9.1972812,,225,15,84.58998147,-9.1972812,,,,,
0,0,0.030,3,88,0,10.43370688,-10.433857,,0,0,108.8653719,-10.433857,,,,,
1,37,0.026,1,88,0,17.92814316,19.071787,,1369,37,363.7330594,19.071787,,,,,
0,17,0.010,0,88,0,22.72614875,-5.7261787,,289,17,32.7891225,-5.7261787,,,,,
0,28,-0.001,2,88,0,16.33503937,11.664851,,784,28,136.0687489,11.664851,,,,,
0,26,0.025,2,88,0,14.3910825,11.608807,,676,26,134.7644,11.608807,,,,,
0,13,0.040,0,88,0,20.46695565,-7.4669856,,169,13,55.75587395,-7.4669856,,,,,
1,19,0.002,2,88,0,16.12488188,2.8750081,,361,19,8.265671575,2.8750081,,,,,
1,20,0.001,0,88,0,23.35662125,-3.3566513,,400,20,11.26710795,-3.3566513,,,,,
0,37,-0.013,1,88,0,20.81780875,16.182121,,1369,37,261.8610401,16.182121,,,,,
0,9,0.006,0,88,0,22.98884563,-13.988876,,81,9,195.6886517,-13.988876,,,,,
0,15,0.006,3,88,0,12.22004563,2.7798044,,225,15,7.727312502,2.7798044,,,,,
0,19,0.017,2,88,0,15.02155497,3.978335,,361,19,15.82714937,3.978335,,,,,
0,31,0.001,0,88,0,23.35662125,7.6433488,,961,31,58.42078088,7.6433488,,,,,
0,38,0.000,1,88,0,19.8721,18.12783,,1444,38,328.6182205,18.12783,,,,,
1,0,0.008,3,88,0,12.0624275,-12.062577,,0,0,145.5057639,-12.062577,,,,,
0,17,-0.008,0,88,0,24.03963313,-7.0396631,,289,17,49.55685656,-7.0396631,,,,,
0,34,0.002,1,88,0,19.71448188,14.285448,,1156,34,204.0740246,14.285448,,,,,
0,0,-0.003,0,88,0,23.6718575,-23.671888,,0,0,560.3582815,-23.671888,,,,,
1,15,0.025,2,88,0,14.3910825,0.6088075,,225,15,0.370646572,0.6088075,,,,,
0,11,0.017,0,88,0,22.14821563,-11.148246,,121,11,124.2833889,-11.148246,,,,,
0,18,0.009,0,88,0,22.77868812,-4.7787181,,324,18,22.83614668,-4.7787181,,,,,
1,6,0.019,3,88,0,11.27433688,-5.2744869,,36,6,27.82021206,-5.2744869,,,,,
0,6,0.008,3,88,0,12.0624275,-6.0625775,,36,6,36.75484594,-6.0625775,,,,,
0,14,0.028,0,88,0,21.36012498,-7.360155,,196,14,54.17188162,-7.360155,,,,,
0,29,-0.024,3,88,0,14.47923874,14.520611,,841,29,210.8481438,14.520611,,,,,
0,6,0.015,3,88,0,11.58957315,-5.5897231,,36,6,31.24500433,-5.5897231,,,,,
0,29,0.001,1,88,0,19.76702125,9.2329087,,841,29,85.24660306,9.2329087,,,,,
0,24,0.000,0,88,0,23.4617,0.53827,,576,24,0.289734593,0.53827,,,,,
0,14,0.011,0,88,0,22.62107001,-8.6211,,196,14,74.32336521,-8.6211,,,,,
0,2,0.042,2,88,0,13.07759813,-11.077708,,4,2,122.7156145,-11.077708,,,,,
0,32,0.036,1,88,0,17.14005251,14.859877,,1024,32,220.8159445,14.859877,,,,,
0,13,0.000,2,88,0,16.2825,-3.28261,,169,13,10.77552841,-3.28261,,,,,
0,27,-0.019,1,88,0,21.34320247,5.6567275,,729,27,31.99856601,5.6567275,,,,,
0,16,0.013,0,88,0,22.46345191,-6.4634819,,256,16,41.77659827,-6.4634819,,,,,
0,7,0.028,2,88,0,14.18092498,-7.181035,,49,7,51.56726367,-7.181035,,,,,
0,2,0.010,2,88,0,15.49440935,-13.494519,,4,2,182.102043,-13.494519,,,,,
0,10,0.010,2,88,0,15.49440935,-5.4945194,,100,10,30.18974344,-5.4945194,,,,,
0,11,0.005,0,88,0,23.09392438,-12.093954,,121,11,146.2637234,-12.093954,,,,,
0,40,0.026,2,88,0,14.33854316,25.661347,,1600,40,658.5047299,25.661347,,,,,
0,14,-0.003,1,88,0,20.13479687,-6.1348669,,196,14,37.63659188,-6.1348669,,,,,
0,6,-0.003,0,88,0,23.72439687,-17.724427,,36,6,314.1553125,-17.724427,,,,,
1,35,0.015,0,88,0,22.35837315,12.641597,,1225,35,159.8099747,12.641597,,,,,
0,20,0.023,1,88,0,18.1383006,1.8616294,,400,20,3.465664023,1.8616294,,,,,
0,2,0.028,0,88,0,21.30758564,-19.307616,,4,2,372.7840356,-19.307616,,,,,
0,13,-0.001,0,88,0,23.56677875,-10.566809,,169,13,111.6574524,-10.566809,,,,,
0,31,-0.010,1,88,0,20.66019065,10.339739,,961,31,106.9102026,10.339739,,,,,
0,16,-0.001,3,88,0,12.74543937,3.2544106,,256,16,10.59118835,3.2544106,,,,,
0,43,0.017,1,88,0,18.61115497,24.388775,,1849,43,594.812346,24.388775,,,,,
0,5,0.028,0,88,0,21.30758564,-16.307616,,25,5,265.9383396,-16.307616,,,,,
1,21,0.038,3,90,0,9.803234409,11.196616,,441,21,125.3642099,11.196616,,,,,
0,10,0.036,3,88,0,9.960852508,0.0389975,,100,10,0.001520805,0.0389975,,,,,
0,4,0.020,3,88,0,11.16925812,-7.1694081,,16,4,51.4004125,-7.1694081,,,,,
1,33,-0.015,0,88,0,24.56502685,8.4349431,,1089,33,71.1482651,8.4349431,,,,,
0,0,0.002,0,88,0,23.30408188,-23.304112,,0,0,543.0816361,-23.304112,,,,,
0,0,-0.007,0,88,0,23.98709375,-23.987124,,0,0,575.3821178,-23.987124,,,,,
1,6,0.011,0,88,0,22.62107001,-16.6211,,36,6,276.2609652,-16.6211,,,,,
1,16,-0.008,2,88,0,16.9129725,-0.9130825,,256,16,0.833719652,-0.9130825,,,,,
1,13,-0.026,2,88,0,18.27899626,-5.2791062,,169,13,27.86896227,-5.2791062,,,,,
1,30,0.014,1,88,0,18.82131249,11.178617,,900,30,124.961478,11.178617,,,,,
0,6,0.006,0,88,0,22.98884563,-16.988876,,36,6,288.6219077,-16.988876,,,,,
1,5,-0.002,2,88,0,16.44011812,-11.440228,,25,5,130.8788167,-11.440228,,,,,
1,0,0.038,0,88,0,20.62457375,-20.624604,,0,0,425.3742902,-20.624604,,,,,
1,28,0.001,0,88,0,23.40916063,4.5908094,,784,28,21.07553095,4.5908094,,,,,
1,22,0.035,2,88,0,13.65553127,8.3443587,,484,22,69.62832211,8.3443587,,,,,
0,13,0.008,2,88,0,15.6520275,-2.6521375,,169,13,7.033833319,-2.6521375,,,,,
1,34,-0.017,2,88,0,17.54344503,16.456445,,1156,34,270.814582,16.456445,,,,,
1,31,-0.002,2,88,0,16.44011812,14.559772,,961,31,211.9869607,14.559772,,,,,
0,11,0.024,2,88,0,14.44362184,-3.4437319,,121,11,11.8592894,-3.4437319,,,,,
1,29,0.001,1,88,0,19.76702125,9.2329087,,841,29,85.24660306,9.2329087,,,,,
1,17,0.017,0,88,0,22.14821563,-5.1482456,,289,17,26.50443276,-5.1482456,,,,,
1,0,0.058,3,90,0,8.279592525,-8.2797425,,0,0,68.55413587,-8.2797425,,,,,
1,26,0.051,1,90,0,16.03672566,9.9632044,,676,26,99.26544192,9.9632044,,,,,
1,25,0.010,2,90,0,15.49440935,9.5054806,,625,25,90.35416144,9.5054806,,,,,
1,0,0.023,0,90,0,21.7279006,-21.727931,,0,0,472.1029855,-21.727931,,,,,
0,27,0.023,1,90,0,18.1383006,8.8616294,,729,27,78.52847562,8.8616294,,,,,
1,25,0.028,2,90,0,14.18092498,10.818965,,625,25,117.0500037,10.818965,,,,,
1,8,0.010,3,90,0,11.95734875,-3.9574988,,64,8,15.66179675,-3.9574988,,,,,
1,19,0.053,0,90,0,19.41616814,-0.41619812,,361,19,0.173220875,-0.41619812,,,,,
1,33,0.001,0,88,0,23.40916063,9.5908094,,1089,33,91.98362495,9.5908094,,,,,
3,0,0.013,0,90,0,22.46345191,-22.463482,,0,0,504.6080236,-22.463482,,,,,
1,25,0.006,2,88,0,15.80964563,9.1902444,,625,25,84.46059213,9.1902444,,,,,
0,14,0.002,1,90,0,19.71448188,-5.7145519,,196,14,32.65610342,-5.7145519,,,,,
1,13,0.014,2,90,0,15.23171249,-2.2318225,,169,13,4.981031672,-2.2318225,,,,,
3,37,0.032,1,90,0,17.45528878,19.544641,,1369,37,381.9929918,19.544641,,,,,
0,23,-0.006,3,90,0,13.113215,9.886635,,529,23,97.74555162,9.886635,,,,,
0,25,0.024,3,90,0,10.90656126,14.093289,,625,25,198.6207948,14.093289,,,,,
0,11,0.007,2,88,0,15.75710625,-4.7572162,,121,11,22.63110597,-4.7572162,,,,,
0,36,0.010,0,88,0,22.72614875,13.273821,,1296,36,176.1943239,13.273821,,,,,
3,12,0.013,3,90,0,11.69465191,0.30519812,,144,12,0.093145892,0.30519812,,,,,
1,30,-0.003,2,88,0,16.4926575,13.507233,,900,30,182.4453433,13.507233,,,,,
0,14,-0.008,1,88,0,20.45003313,-6.4501031,,196,14,41.60383,-6.4501031,,,,,
1,23,0.006,2,88,0,15.862185,7.137705,,529,23,50.94683267,7.137705,,,,,
1,24,0.010,2,88,0,15.49440935,8.5054806,,576,24,72.34320024,8.5054806,,,,,
0,36,0.008,1,88,0,19.29416687,16.705763,,1296,36,279.0825174,16.705763,,,,,
0,4,0.001,2,88,0,16.22996063,-12.230071,,16,4,149.5746367,-12.230071,,,,,
1,30,0.022,0,88,0,21.78044002,8.21953,,900,30,67.56067342,8.21953,,,,,
1,38,0.033,1,88,0,17.35021003,20.64972,,1444,38,426.4109361,20.64972,,,,,
0,2,0.042,2,88,0,13.13013747,-11.130247,,4,2,123.8823983,-11.130247,,,,,
1,25,0.015,0,88,0,22.35837315,2.6415969,,625,25,6.978034182,2.6415969,,,,,
0,30,-0.008,1,88,0,20.5025725,9.4973575,,900,30,90.19979948,9.4973575,,,,,
3,1,0.019,3,90,0,11.22179753,-10.221948,,1,1,104.4882209,-10.221948,,,,,
1,43,0.018,1,88,0,18.50607622,24.493854,,1849,43,599.9488838,24.493854,,,,,
0,18,0.011,0,88,0,22.62107001,-4.6211,,324,18,21.35456521,-4.6211,,,,,
0,39,-0.019,0,88,0,24.88026313,14.119707,,1521,39,199.3661258,14.119707,,,,,
1,22,-0.013,0,88,0,24.40740875,-2.4074387,,484,22,5.795761094,-2.4074387,,,,,
0,7,0.035,0,88,0,20.78219185,-13.782222,,49,7,189.9496433,-13.782222,,,,,
1,7,0.018,3,88,0,11.32687622,-4.3270263,,49,7,18.7231566,-4.3270263,,,,,
1,19,-0.016,0,88,0,24.67010561,-5.6701356,,361,19,32.15043772,-5.6701356,,,,,
1,0,0.000,3,88,0,12.6929,-12.69305,,0,0,161.1135183,-12.69305,,,,,
0,39,-0.009,0,88,0,24.14471188,14.855258,,1521,39,220.6786902,14.855258,,,,,
0,35,-0.019,0,88,0,24.88026313,10.119707,,1225,35,102.4084698,10.119707,,,,,
1,15,-0.012,0,88,0,24.35486941,-9.3548994,,225,15,87.51414278,-9.3548994,,,,,
1,35,-0.019,3,88,0,14.16400247,20.835847,,1225,35,434.1325202,20.835847,,,,,
1,36,-0.013,0,88,0,24.40740875,11.592561,,1296,36,134.3874705,11.592561,,,,,
0,15,-0.005,0,88,0,23.82947562,-8.8295056,,225,15,77.96016914,-8.8295056,,,,,
1,10,-0.014,0,88,0,24.51248751,-14.512517,,100,10,210.6131497,-14.512517,,,,,
1,22,-0.013,0,88,0,24.40740875,-2.4074387,,484,22,5.795761094,-2.4074387,,,,,
0,13,0.029,0,88,0,21.25504622,-8.2550763,,169,13,68.14628472,-8.2550763,,,,,
0,41,0.004,1,88,0,19.55686375,21.443066,,1681,41,459.8050795,21.443066,,,,,
1,37,0.008,1,88,0,19.29416687,17.705763,,1369,37,313.4940434,17.705763,,,,,
1,38,0.019,0,88,0,21.99059753,16.009373,,1444,38,256.3000239,16.009373,,,,,
1,18,-0.011,1,88,0,20.71272999,-2.7128,,324,18,7.35928384,-2.7128,,,,,
1,20,0.015,1,88,0,18.76877315,1.2311569,,400,20,1.515747312,1.2311569,,,,,
1,18,-0.014,0,88,0,24.51248751,-6.5125175,,324,18,42.41288419,-6.5125175,,,,,
1,23,0.018,2,88,0,14.91647622,8.0834138,,529,23,65.34157866,8.0834138,,,,,
0,17,-0.019,3,88,0,14.16400247,2.8358475,,289,17,8.042031043,2.8358475,,,,,
0,0,0.050,2,88,0,12.499665,-12.499775,,0,0,156.2443751,-12.499775,,,,,
,,,,,,,,sums,330548,12714,114898.5033,-593.5159416,,,,,
,,,,,,,,squares,,161645796,,352261.1729,,,,,
,,,,,,,,averages,,15.9523212,,-0.744687505,,,,,
,,,,,,,,,797,,,,,,,,
,,,,,,,,,,,,,,,,,
3,10,0.009,3,90,1,12.00988812,-2.0100381,,100,10,4.040253163,-2.0100381,,,,,
1,0,0.016,3,90,1,11.48449439,-11.484644,,0,0,131.8970478,-11.484644,,,,,
3,19,0.036,1,90,1,17.14005251,1.8598775,,361,19,3.459144315,1.8598775,,,,,
3,30,0.026,1,90,1,17.87560374,12.124326,,900,30,146.999281,12.124326,,,,,
3,1,0.031,3,90,1,10.32862813,-9.3287781,,1,1,87.02610084,-9.3287781,,,,,
3,16,0.051,3,90,1,8.857525659,7.1423244,,256,16,51.01279783,7.1423244,,,,,
3,9,0.017,3,90,1,11.43195497,-2.432105,,81,9,5.915134731,-2.432105,,,,,
3,0,0.042,3,90,1,9.540537475,-9.5406875,,0,0,91.02471797,-9.5406875,,,,,
3,17,0.051,2,90,1,12.44712566,4.5527644,,289,17,20.72766368,4.5527644,,,,,
3,2,0.042,3,90,1,9.540537475,-7.5406875,,4,2,56.86196797,-7.5406875,,,,,
3,32,0.009,1,90,1,19.18908812,12.810842,,1024,32,164.1176727,12.810842,,,,,
3,16,0.010,3,90,1,11.90480935,4.0950406,,256,16,16.76935752,4.0950406,,,,,
3,6,-0.004,3,90,1,13.00813625,-7.0082863,,36,6,49.11607686,-7.0082863,,,,,
1,0,0.051,3,90,1,8.804986242,-8.8051363,,0,0,77.53042526,-8.8051363,,,,,
3,32,0.035,1,90,1,17.24513127,14.754799,,1024,32,217.7040935,14.754799,,,,,
3,18,0.020,2,90,1,14.75885812,3.2410319,,324,18,10.50428778,3.2410319,,,,,
3,41,0.038,1,90,1,16.98243441,24.017496,,1681,41,576.8401141,24.017496,,,,,
3,24,0.057,1,90,1,15.56387128,8.4360588,,576,24,71.16708808,8.4360588,,,,,
3,7,0.035,3,90,1,10.01339185,-3.0135419,,49,7,9.081434783,-3.0135419,,,,,
3,0,0.009,3,90,1,12.00988812,-12.010038,,0,0,144.2410128,-12.010038,,,,,
1,17,0.018,1,90,1,18.50607622,-1.5061463,,289,17,2.268476677,-1.5061463,,,,,
3,30,0.049,1,90,1,16.19434376,13.805586,,900,30,190.5942048,13.805586,,,,,
3,38,0.028,1,90,1,17.71798564,20.281944,,1444,38,411.3572524,20.281944,,,,,
3,0,0.033,0,90,1,20.93981003,-20.93984,,0,0,438.4768992,-20.93984,,,,,
3,0,0.028,0,90,1,21.30758564,-21.307616,,0,0,454.0144996,-21.307616,,,,,
3,37,0.014,1,90,1,18.82131249,18.178618,,1369,37,330.4621524,18.178618,,,,,
3,1,0.034,3,90,1,10.11847061,-9.1186206,,1,1,83.14924165,-9.1186206,,,,,
1,0,0.049,3,90,1,9.015143758,-9.0152937,,0,0,81.2755205,-9.0152937,,,,,
1,0,-0.003,3,90,1,12.95559687,-12.955747,,0,0,167.8513803,-12.955747,,,,,
3,29,0.019,1,90,1,18.45353688,10.546393,,841,29,111.2264053,10.546393,,,,,
3,6,0.002,0,90,1,23.30408188,-17.304112,,36,6,299.4322921,-17.304112,,,,,
3,0,0.036,0,90,1,20.72965251,-20.729682,,0,0,429.7197158,-20.729682,,,,,
3,30,0.019,1,90,1,18.40099753,11.598933,,900,30,134.5352467,11.598933,,,,,
3,35,0.040,1,90,1,16.82481623,18.175114,,1225,35,330.3347689,18.175114,,,,,
3,21,0.049,2,90,1,12.60474376,8.3951462,,441,21,70.47847972,8.3951462,,,,,
0,20,-0.015,1,88,1,21.02796627,-1.0280362,,400,20,1.056858429,-1.0280362,,,,,
1,42,-0.024,3,88,1,14.47923874,27.520611,,1764,42,757.3840298,27.520611,,,,,
1,0,0.019,2,88,1,14.81139753,-14.811507,,0,0,219.3807396,-14.811507,,,,,
1,30,-0.007,0,88,1,23.98709375,6.0128762,,900,30,36.1546802,6.0128762,,,,,
1,31,0.006,0,88,1,23.041385,7.958585,,961,31,63.3390752,7.958585,,,,,
1,25,0.001,0,88,1,23.40916063,1.5908094,,625,25,2.530674547,1.5908094,,,,,
1,38,0.027,1,88,1,17.8230644,20.176866,,1444,38,407.1059216,20.176866,,,,,
1,11,0.001,0,88,1,23.35662125,-12.356651,,121,11,152.6868239,-12.356651,,,,,
1,36,-0.010,1,88,1,20.60765125,15.392279,,1296,36,236.9222528,15.392279,,,,,
1,36,0.008,1,88,1,19.29416687,16.705763,,1296,36,279.0825174,16.705763,,,,,
1,35,-0.004,1,88,1,20.18733625,14.812594,,1225,35,219.412941,14.812594,,,,,
1,0,0.002,0,88,1,23.30408188,-23.304112,,0,0,543.0816361,-23.304112,,,,,
1,43,-0.006,1,88,1,20.292415,22.707515,,1849,43,515.6312375,22.707515,,,,,
1,21,0.004,0,88,1,23.14646375,-2.1464937,,441,21,4.607435204,-2.1464937,,,,,
1,34,-0.016,0,88,1,24.67010561,9.3298644,,1156,34,87.04636972,9.3298644,,,,,
1,18,0.017,0,88,1,22.14821563,-4.1482456,,324,18,17.20794156,-4.1482456,,,,,
0,16,-0.014,1,87,1,20.92288751,-4.9229575,,256,16,24.23551055,-4.9229575,,,,,
0,0,-0.003,2,87,1,16.54519687,-16.545307,,0,0,273.7471837,-16.545307,,,,,
0,32,0.010,0,87,1,22.67360935,9.3263606,,1024,32,86.98100204,9.3263606,,,,,
0,39,-0.023,0,87,1,25.1954994,13.804471,,1521,39,190.5634196,13.804471,,,,,
0,0,-0.012,0,87,1,24.35486941,-24.354899,,0,0,593.1611053,-24.354899,,,,,
0,29,0.012,0,87,1,22.56853059,6.4314394,,841,29,41.36341276,6.4314394,,,,,
1,30,0.001,0,88,1,23.35662125,6.6433488,,900,30,44.13408328,6.6433488,,,,,
0,0,-0.001,2,87,1,16.38757875,-16.387689,,0,0,268.5563508,-16.387689,,,,,
1,22,-0.013,0,88,1,24.40740875,-2.4074387,,484,22,5.795761094,-2.4074387,,,,,
0,3,0.012,2,87,1,15.38933059,-12.389441,,9,3,153.4982483,-12.389441,,,,,
1,15,-0.001,0,88,1,23.56677875,-8.5668087,,225,15,73.3902113,-8.5668087,,,,,
1,0,-0.013,3,88,1,13.63860875,-13.638759,,0,0,186.0157471,-13.638759,,,,,
1,42,0.001,0,88,1,23.35662125,18.643349,,1764,42,347.5744619,18.643349,,,,,
1,22,-0.010,2,88,1,17.01805125,4.9818387,,484,22,24.81871683,4.9818387,,,,,
0,20,-0.006,0,87,1,23.882015,-3.882045,,400,20,15.07027338,-3.882045,,,,,
1,32,-0.007,0,88,1,23.98709375,8.0128762,,1024,32,64.206185,8.0128762,,,,,
0,4,0.011,0,88,1,22.62107001,-18.6211,,16,4,346.7453652,-18.6211,,,,,
0,0,0.000,0,88,1,23.4617,-23.46173,,0,0,550.4527746,-23.46173,,,,,
0,36,0.015,1,88,1,18.71623373,17.283696,,1296,36,298.7261474,17.283696,,,,,
0,8,0.011,0,88,1,22.62107001,-14.6211,,64,8,213.7765652,-14.6211,,,,,
0,0,0.029,3,88,1,10.48624622,-10.486396,,0,0,109.9645011,-10.486396,,,,,
0,34,-0.009,0,88,1,24.14471188,9.8552581,,1156,34,97.12611222,9.8552581,,,,,
0,4,0.018,0,88,1,22.09567622,-18.095706,,16,4,327.4545756,-18.095706,,,,,
0,39,0.001,0,88,1,23.40916063,15.590809,,1521,39,243.0733253,15.590809,,,,,
0,1,0.037,2,88,1,13.49791309,-12.498023,,1,1,156.2005789,-12.498023,,,,,
0,0,0.026,3,88,1,10.69640374,-10.696554,,0,0,114.4162675,-10.696554,,,,,
0,35,0.008,1,88,1,19.2416275,15.758302,,1225,35,248.3240819,15.758302,,,,,
0,30,0.008,0,88,1,22.8312275,7.1687425,,900,30,51.39086903,7.1687425,,,,,
0,8,-0.008,2,88,1,16.9129725,-8.9130825,,64,8,79.44303965,-8.9130825,,,,,
0,41,0.028,1,88,1,17.77052498,23.229405,,1681,41,539.6052567,23.229405,,,,,
0,8,0.005,2,87,1,15.91472438,-7.9148344,,64,8,62.64460358,-7.9148344,,,,,
0,0,0.031,3,88,1,10.32862813,-10.328778,,0,0,106.683655,-10.328778,,,,,
0,38,0.047,1,88,1,16.35196186,21.647968,,1444,38,468.6345185,21.647968,,,,,
0,35,0.030,0,88,1,21.20250688,13.797463,,1225,35,190.3699852,13.797463,,,,,
0,38,0.008,1,88,1,19.2416275,18.758302,,1444,38,351.8738939,18.758302,,,,,
0,27,0.017,0,88,1,22.14821563,4.8517544,,729,27,23.53952076,4.8517544,,,,,
0,18,0.008,3,88,1,12.0624275,5.9374225,,324,18,35.25298594,5.9374225,,,,,
0,34,0.015,1,88,1,18.76877315,15.231157,,1156,34,231.9881436,15.231157,,,,,
0,18,0.026,1,88,1,17.92814316,0.071786875,,324,18,0.005153355,0.071786875,,,,,
0,38,0.015,0,88,1,22.35837315,15.641597,,1444,38,244.6595567,15.641597,,,,,
0,42,0.007,1,88,1,19.34670625,22.653224,,1764,42,513.1685576,22.653224,,,,,
0,35,-0.017,3,88,1,14.00638437,20.993466,,1225,35,440.7256147,20.993466,,,,,
0,20,-0.004,0,88,1,23.77693625,-3.7769663,,400,20,14.26547443,-3.7769663,,,,,
0,10,0.032,3,88,1,10.27608878,-0.27623875,,100,10,0.076307847,-0.27623875,,,,,
0,11,0.040,0,87,1,20.41441623,-9.4144462,,121,11,88.63179725,-9.4144462,,,,,
0,16,0.017,0,88,1,22.14821563,-6.1482456,,256,16,37.80092396,-6.1482456,,,,,
0,3,-0.002,0,87,1,23.61931812,-20.619348,,9,3,425.1575119,-20.619348,,,,,
0,3,0.000,3,87,1,12.6929,-9.69305,,9,3,93.9552183,-9.69305,,,,,
0,18,0.058,0,87,1,19.10093187,-1.1009619,,324,18,1.212117105,-1.1009619,,,,,
0,37,0.010,0,87,1,22.72614875,14.273821,,1369,37,203.7419659,14.273821,,,,,
0,9,0.006,0,87,1,22.98884563,-13.988876,,81,9,195.6886517,-13.988876,,,,,
0,35,0.008,0,87,1,22.88376687,12.116203,,1225,35,146.8023751,12.116203,,,,,
0,43,-0.023,0,87,1,25.1954994,17.804471,,1849,43,316.9991876,17.804471,,,,,
0,0,0.018,3,87,1,11.32687622,-11.327026,,0,0,128.301518,-11.327026,,,,,
0,2,0.008,3,87,1,12.0624275,-10.062577,,4,2,101.2554559,-10.062577,,,,,
0,40,-0.017,0,87,1,24.77518437,15.224786,,1600,40,231.7941087,15.224786,,,,,
0,38,-0.002,0,87,1,23.61931812,14.380652,,1444,38,206.8031519,14.380652,,,,,
0,29,0.031,0,87,1,21.09742813,7.9025419,,841,29,62.45016848,7.9025419,,,,,
0,34,0.011,0,87,1,22.62107001,11.3789,,1156,34,129.4793652,11.3789,,,,,
0,34,0.008,1,87,1,19.29416687,14.705763,,1156,34,216.2594654,14.705763,,,,,
0,21,0.014,2,87,1,15.23171249,5.7681775,,441,21,33.27187167,5.7681775,,,,,
0,40,-0.021,0,87,1,25.03788122,14.962089,,1600,40,223.8641072,14.962089,,,,,
0,3,0.008,2,87,1,15.6520275,-12.652138,,9,3,160.076596,-12.652138,,,,,
0,39,-0.022,0,87,1,25.14295998,13.85701,,1521,39,192.0167261,13.85701,,,,,
0,39,-0.005,0,87,1,23.82947562,15.170494,,1521,39,230.1438882,15.170494,,,,,
0,0,0.006,2,87,1,15.80964563,-15.809756,,0,0,249.9483848,-15.809756,,,,,
0,10,0.001,3,87,1,12.58782125,-2.5879712,,100,10,6.697594932,-2.5879712,,,,,
1,5,0.028,1,87,1,17.77052498,-12.770595,,25,5,163.0880967,-12.770595,,,,,
0,34,0.024,0,87,1,21.67536126,12.324609,,1156,34,151.895987,12.324609,,,,,
1,1,0.026,0,87,1,21.46520374,-20.465234,,1,1,418.8258027,-20.465234,,,,,
0,21,0.001,3,87,1,12.58782125,8.4120287,,441,21,70.76222685,8.4120287,,,,,
0,18,0.015,2,87,1,15.12663373,2.8732562,,324,18,8.255601191,2.8732562,,,,,
0,38,-0.021,1,87,1,21.44828122,16.551649,,1444,38,273.9570846,16.551649,,,,,
0,16,0.001,0,87,1,23.35662125,-7.3566512,,256,16,54.12031688,-7.3566512,,,,,
0,7,0.017,0,87,1,22.14821563,-15.148246,,49,7,229.4693569,-15.148246,,,,,
0,22,0.033,0,87,1,20.99234937,1.0076206,,484,22,1.015299274,1.0076206,,,,,
0,8,-0.005,0,88,1,23.82947562,-15.829506,,64,8,250.5732602,-15.829506,,,,,
0,39,-0.017,0,87,1,24.77518437,14.224786,,1521,39,202.3445367,14.224786,,,,,
0,17,0.029,0,87,1,21.25504622,-4.2550763,,289,17,18.10567432,-4.2550763,,,,,
0,0,-0.006,3,87,1,13.113215,-13.113365,,0,0,171.9603416,-13.113365,,,,,
0,6,-0.009,2,87,1,16.96551188,-10.965622,,36,6,120.2448658,-10.965622,,,,,
0,7,0.004,3,87,1,12.37766375,-5.3778137,,49,7,28.92088019,-5.3778137,,,,,
0,35,-0.017,0,87,1,24.77518437,10.224786,,1225,35,104.5462487,10.224786,,,,,
0,32,-0.015,0,87,1,24.61756627,7.3824037,,1024,32,54.49988439,7.3824037,,,,,
0,36,0.001,0,87,1,23.35662125,12.643349,,1296,36,159.8542739,12.643349,,,,,
0,33,0.000,0,87,1,23.4617,9.53827,,1089,33,90.97859459,9.53827,,,,,
0,5,0.012,3,87,1,11.79973059,-6.7998806,,25,5,46.23837617,-6.7998806,,,,,
0,32,-0.009,0,87,1,24.14471188,7.8552581,,1024,32,61.70507982,7.8552581,,,,,
0,0,0.033,3,87,1,10.17101003,-10.17116,,0,0,103.4524957,-10.17116,,,,,
0,5,0.021,3,87,1,11.11671878,-6.1168688,,25,5,37.41608392,-6.1168688,,,,,
0,30,0.018,0,87,1,22.09567622,7.9042937,,900,30,62.4778589,7.9042937,,,,,
0,16,0.038,0,87,1,20.57203441,-4.5720644,,256,16,20.90377288,-4.5720644,,,,,
0,0,0.030,3,87,1,10.43370688,-10.433857,,0,0,108.8653719,-10.433857,,,,,
0,40,-0.010,0,87,1,24.24979065,15.750179,,1600,40,248.0681385,15.750179,,,,,
0,35,-0.024,0,87,1,25.24803874,9.7519313,,1225,35,95.10016408,9.7519313,,,,,
0,4,-0.012,0,87,1,24.35486941,-20.354899,,16,4,414.3219133,-20.354899,,,,,
0,43,0.015,0,87,1,22.30583373,20.694136,,1849,43,428.2472648,20.694136,,,,,
0,3,0.019,3,87,1,11.22179753,-8.2219475,,9,3,67.60042069,-8.2219475,,,,,
0,20,0.043,0,87,1,20.20425872,-0.20428875,,400,20,0.041733893,-0.20428875,,,,,
0,43,0.031,0,87,1,21.09742813,21.902542,,1849,43,479.7213461,21.902542,,,,,
0,29,-0.014,0,87,1,24.51248751,4.4874825,,841,29,20.13749919,4.4874825,,,,,
0,5,-0.001,2,87,1,16.33503937,-11.335149,,25,5,128.4856029,-11.335149,,,,,
0,34,-0.009,0,87,1,24.14471188,9.8552581,,1156,34,97.12611222,9.8552581,,,,,
0,35,-0.017,1,87,1,21.13304503,13.866885,,1225,35,192.2904996,13.866885,,,,,
0,18,0.031,0,87,1,21.09742813,-3.0974581,,324,18,9.594246681,-3.0974581,,,,,
0,0,0.008,2,87,1,15.70456687,-15.704677,,0,0,246.6368797,-15.704677,,,,,
0,40,0.003,1,88,1,19.60940313,20.390527,,1600,40,415.7735913,20.390527,,,,,
1,31,0.010,1,89,1,19.08400935,11.915921,,961,31,141.9891733,11.915921,,,,,
0,0,0.018,3,89,1,11.32687622,-11.327026,,0,0,128.301518,-11.327026,,,,,
0,24,0.024,0,89,1,21.67536126,2.3246087,,576,24,5.403805608,2.3246087,,,,,
1,27,0.038,1,89,1,17.03497375,9.9649563,,729,27,99.30035406,9.9649563,,,,,
1,0,0.010,0,89,1,22.72614875,-22.726179,,0,0,516.4792119,-22.726179,,,,,
0,14,0.010,1,89,1,19.13654875,-5.1366188,,196,14,26.3848527,-5.1366188,,,,,
0,13,0.015,3,89,1,11.58957315,1.4102769,,169,13,1.988880935,1.4102769,,,,,
0,33,0.046,1,89,1,16.40450128,16.595429,,1089,33,275.4082637,16.595429,,,,,
0,0,-0.006,3,89,1,13.16575438,-13.165904,,0,0,173.3410281,-13.165904,,,,,
1,26,0.024,1,89,1,18.08576126,7.9141687,,676,26,62.63406621,7.9141687,,,,,
3,29,0.003,1,89,1,19.60940313,9.3905269,,841,29,88.18199546,9.3905269,,,,,
0,0,0.005,3,89,1,12.32512438,-12.325274,,0,0,151.9123792,-12.325274,,,,,
1,26,0.025,1,89,1,17.9806825,8.0192475,,676,26,64.30833047,8.0192475,,,,,
1,1,0.017,0,89,1,22.14821563,-21.148246,,1,1,447.2483089,-21.148246,,,,,
0,43,0.010,1,89,1,19.08400935,23.915921,,1849,43,571.9712773,23.915921,,,,,
0,48,0.009,1,89,1,19.18908812,28.810842,,2304,48,830.0646167,28.810842,,,,,
0,37,0.014,1,89,1,18.82131249,18.178618,,1369,37,330.4621524,18.178618,,,,,
0,34,0.026,1,89,1,17.92814316,16.071787,,1156,34,258.3023374,16.071787,,,,,
0,35,0.013,1,89,1,18.87385191,16.126078,,1225,35,260.0503917,16.126078,,,,,
0,0,0.035,3,89,1,10.01339185,-10.013542,,0,0,100.2710234,-10.013542,,,,,
1,15,0.001,1,89,1,19.81956063,-4.8196306,,225,15,23.22883912,-4.8196306,,,,,
0,7,0.035,3,89,1,10.06593127,-3.0660812,,49,7,9.400853925,-3.0660812,,,,,
0,21,0.003,1,89,1,19.60940313,1.3905269,,441,21,1.93356506,1.3905269,,,,,
0,44,0.048,1,89,1,16.2468831,27.753047,,1936,44,770.2316178,27.753047,,,,,
1,18,-0.015,0,89,1,24.56502685,-6.5650569,,324,18,43.0999721,-6.5650569,,,,,
1,28,0.030,3,89,1,10.43370688,17.566143,,784,28,308.5693799,17.566143,,,,,
1,0,0.003,0,89,1,23.2515425,-23.251573,,0,0,540.635647,-23.251573,,,,,
1,40,-0.010,1,89,1,20.60765125,19.392279,,1600,40,376.0604848,19.392279,,,,,
1,28,0.011,1,89,1,19.03147001,8.96846,,784,28,80.43327477,8.96846,,,,,
1,14,0.001,3,89,1,12.64036063,1.3594894,,196,14,1.848211429,1.3594894,,,,,
0,36,0.009,1,88,1,19.18908812,16.810842,,1296,36,282.6044087,16.810842,,,,,
3,42,0.015,1,89,1,18.76877315,23.231157,,1764,42,539.6866556,23.231157,,,,,
1,0,0.003,3,89,1,12.43020313,-12.430353,,0,0,154.5136757,-12.430353,,,,,
1,13,0.052,3,89,1,8.7524469,4.2474031,,169,13,18.04043309,4.2474031,,,,,
1,0,0.024,3,89,1,10.90656126,-10.906711,,0,0,118.9563448,-10.906711,,,,,
1,0,0.057,2,89,1,11.97427128,-11.974381,,0,0,143.3858003,-11.974381,,,,,
1,34,0.015,1,89,1,18.76877315,15.231157,,1156,34,231.9881436,15.231157,,,,,
0,21,0.024,2,89,1,14.49616126,6.5037287,,441,21,42.298487,6.5037287,,,,,
0,31,-0.004,1,89,1,20.18733625,10.812594,,961,31,116.912189,10.812594,,,,,
1,11,0.023,3,89,1,10.9591006,0.040749375,,121,11,0.001660512,0.040749375,,,,,
0,1,0.042,2,89,1,13.07759813,-12.077708,,1,1,145.8710305,-12.077708,,,,,
0,12,0.034,0,89,1,20.88727061,-8.8873006,,144,12,78.98411195,-8.8873006,,,,,
1,34,-0.003,1,89,1,20.13479687,13.865133,,1156,34,192.2419131,13.865133,,,,,
0,47,0.015,1,89,1,18.71623373,28.283696,,2209,47,799.9674594,28.283696,,,,,
0,43,0.018,1,89,1,18.50607622,24.493854,,1849,43,599.9488838,24.493854,,,,,
0,36,0.011,1,89,1,19.03147001,16.96846,,1296,36,287.9286348,16.96846,,,,,
0,31,-0.016,0,88,1,24.67010561,6.3298644,,961,31,40.06718332,6.3298644,,,,,
0,16,0.015,3,89,1,11.53703373,4.4628163,,256,16,19.91672933,4.4628163,,,,,
3,24,0.012,2,89,1,15.38933059,8.6105594,,576,24,74.14173318,8.6105594,,,,,
0,17,0.074,3,89,1,7.123726258,9.8761237,,289,17,97.53781934,9.8761237,,,,,
0,31,0.053,1,89,1,15.82656814,15.173362,,961,31,230.2309144,15.173362,,,,,
0,8,0.004,0,89,1,23.14646375,-15.146494,,64,8,229.4162805,-15.146494,,,,,
0,5,0.003,0,89,1,23.19900313,-18.199033,,25,5,331.2048021,-18.199033,,,,,
0,23,0.033,3,89,1,10.17101003,12.82884,,529,23,164.5791357,12.82884,,,,,
1,36,-0.009,1,89,1,20.55511188,15.444818,,1296,36,238.5424031,15.444818,,,,,
0,16,0.017,3,89,1,11.43195497,4.567895,,256,16,20.86566473,4.567895,,,,,
3,24,0.014,3,89,1,11.64211249,12.357738,,576,24,152.7136885,12.357738,,,,,
0,10,0.033,0,89,1,20.93981003,-10.93984,,100,10,119.6800992,-10.93984,,,,,
1,37,-0.004,1,89,1,20.18733625,16.812594,,1369,37,282.663317,16.812594,,,,,
1,19,-0.001,2,89,1,16.38757875,2.6123112,,361,19,6.824169806,2.6123112,,,,,
0,33,0.003,2,88,1,16.01980313,16.980087,,1089,33,288.3233545,16.980087,,,,,
0,19,0.005,3,89,1,12.32512438,6.6747256,,361,19,44.55196184,6.6747256,,,,,
0,14,-0.006,3,88,1,13.113215,0.886635,,196,14,0.786121623,0.886635,,,,,
0,40,0.008,1,88,1,19.2416275,20.758302,,1600,40,430.9071019,20.758302,,,,,
0,5,0.004,2,88,1,15.96726375,-10.967374,,25,5,120.2832925,-10.967374,,,,,
0,32,0.000,0,88,1,23.4617,8.53827,,1024,32,72.90205459,8.53827,,,,,
0,0,0.040,0,88,1,20.41441623,-20.414446,,0,0,416.7496055,-20.414446,,,,,
0,4,0.012,0,88,1,22.56853059,-18.568561,,16,4,344.7914576,-18.568561,,,,,
0,31,-0.008,2,88,1,16.9129725,14.086918,,961,31,198.4412587,14.086918,,,,,
0,11,0.012,3,88,1,11.79973059,-0.79988063,,121,11,0.639809022,-0.79988063,,,,,
0,16,0.001,1,88,1,19.81956063,-3.8196306,,256,16,14.58957792,-3.8196306,,,,,
0,41,0.002,1,88,1,19.71448188,21.285448,,1681,41,453.0702966,21.285448,,,,,
0,11,0.013,0,88,1,22.46345191,-11.463482,,121,11,131.4114196,-11.463482,,,,,
0,12,0.024,0,88,1,21.67536126,-9.6753913,,144,12,93.61319681,-9.6753913,,,,,
0,4,-0.008,1,88,1,20.45003313,-16.450103,,16,4,270.6058887,-16.450103,,,,,
0,2,0.017,0,88,1,22.14821563,-20.148246,,4,2,405.9518169,-20.148246,,,,,
0,32,0.022,0,88,1,21.78044002,10.21953,,1024,32,104.4387934,10.21953,,,,,
0,45,0.014,1,88,1,18.82131249,26.178618,,2025,45,685.3200404,26.178618,,,,,
0,36,0.014,0,88,1,22.41091249,13.589057,,1296,36,184.6624701,13.589057,,,,,
0,9,-0.009,0,88,1,24.14471188,-15.144742,,81,9,229.3632102,-15.144742,,,,,
0,29,0.018,2,88,1,14.91647622,14.083414,,841,29,198.3425499,14.083414,,,,,
0,31,-0.003,1,88,1,20.13479687,10.865133,,961,31,118.0511151,10.865133,,,,,
0,33,0.019,1,88,1,18.40099753,14.598933,,1089,33,213.1288447,14.598933,,,,,
0,35,-0.004,0,88,1,23.77693625,11.223034,,1225,35,125.9564922,11.223034,,,,,
0,3,0.010,3,88,1,11.90480935,-8.9049594,,9,3,79.29830192,-8.9049594,,,,,
0,35,0.024,0,88,1,21.67536126,13.324609,,1225,35,177.545205,13.324609,,,,,
0,1,0.038,3,88,1,9.803234409,-8.8033844,,1,1,77.49957689,-8.8033844,,,,,
0,36,-0.012,0,88,1,24.35486941,11.645101,,1296,36,135.6083773,11.645101,,,,,
0,9,0.021,3,88,1,11.11671878,-2.1168688,,81,9,4.481133516,-2.1168688,,,,,
0,0,-0.015,0,88,1,24.61756627,-24.617596,,0,0,606.0260328,-24.617596,,,,,
0,0,-0.009,0,88,1,24.14471188,-24.144742,,0,0,582.9685662,-24.144742,,,,,
0,22,-0.001,1,88,1,19.92463937,2.0752906,,484,22,4.306831074,2.0752906,,,,,
0,37,0.000,1,88,1,19.8721,17.12783,,1369,37,293.3625605,17.12783,,,,,
0,26,-0.019,0,88,1,24.88026313,1.1197069,,676,26,1.253743542,1.1197069,,,,,
0,40,0.009,1,88,1,19.18908812,20.810842,,1600,40,433.0911447,20.810842,,,,,
0,18,0.024,0,88,1,21.67536126,-3.6753913,,324,18,13.50850121,-3.6753913,,,,,
0,4,0.008,0,88,1,22.8312275,-18.831257,,16,4,354.6162402,-18.831257,,,,,
0,31,-0.020,1,88,1,21.39574188,9.6041881,,961,31,92.24042906,9.6041881,,,,,
0,5,0.013,2,88,1,15.33679125,-10.336901,,25,5,106.8515223,-10.336901,,,,,
0,15,0.019,3,88,1,11.22179753,3.7780525,,225,15,14.27368069,3.7780525,,,,,
0,34,0.006,1,88,1,19.451785,14.548145,,1156,34,211.6485229,14.548145,,,,,
0,33,-0.003,0,88,1,23.72439687,9.2755731,,1089,33,86.03625633,9.2755731,,,,,
0,37,0.019,1,88,1,18.45353688,18.546393,,1369,37,343.9686933,18.546393,,,,,
0,32,-0.001,0,88,1,23.56677875,8.4331913,,1024,32,71.1187155,8.4331913,,,,,
0,4,0.013,0,88,1,22.46345191,-18.463482,,16,4,340.9001676,-18.463482,,,,,
0,35,-0.017,0,88,1,24.77518437,10.224786,,1225,35,104.5462487,10.224786,,,,,
0,37,0.003,1,88,1,19.60940313,17.390527,,1369,37,302.4304293,17.390527,,,,,
0,31,0.003,0,88,1,23.2515425,7.7484275,,961,31,60.03812872,7.7484275,,,,,
0,31,-0.017,1,88,1,21.18558437,9.8143456,,961,31,96.32137956,9.8143456,,,,,
0,33,-0.007,0,88,1,23.98709375,9.0128762,,1089,33,81.2319374,9.0128762,,,,,
0,22,0.006,1,88,1,19.451785,2.548145,,484,22,6.493042941,2.548145,,,,,
0,4,-0.006,0,88,1,23.882015,-19.882045,,16,4,395.2957134,-19.882045,,,,,
0,0,-0.003,2,88,1,16.54519687,-16.545307,,0,0,273.7471837,-16.545307,,,,,
0,9,-0.015,0,88,1,24.56502685,-15.565057,,81,9,242.2709994,-15.565057,,,,,
0,31,-0.005,0,88,1,23.82947562,7.1704944,,961,31,51.41598994,7.1704944,,,,,
0,13,0.006,0,88,1,22.98884563,-9.9888756,,169,13,99.77763575,-9.9888756,,,,,
0,37,0.024,1,88,1,18.03322184,18.966708,,1369,37,359.7360124,18.966708,,,,,
0,22,0.019,1,88,1,18.40099753,3.5989325,,484,22,12.95231514,3.5989325,,,,,
0,22,0.027,1,88,1,17.8230644,4.1768656,,484,22,17.44620624,4.1768656,,,,,
0,39,0.015,1,88,1,18.71623373,20.283696,,1521,39,411.4283234,20.283696,,,,,
0,5,0.031,0,88,1,21.09742813,-16.097458,,25,5,259.1281541,-16.097458,,,,,
0,2,0.015,0,88,1,22.30583373,-20.305864,,4,2,412.3281128,-20.305864,,,,,
3,28,0.026,1,90,1,17.87560374,10.124326,,784,28,102.501977,10.124326,,,,,
,,,,,,,,sums,179911,5805,51925.25269,593.5067815,,,,,
,,,,,,,,squares,,33698025,,352250.2997,,,,,
,,,,,,,,average,,20.65836299,,2.112123778,,,,,
,,,,,,,,,281,,,,,,,,
